"","Target","Molecule","ScaID"
"1","GRP3","KPFIRSWIEJGVNZ-DDKMFYJYSA-N","Sca50283"
"2","SERPH","UKJVTPVEQLXYPI-WJLJJOJOSA-N","Sca156318"
"3","SERPH","WPPHUOBXUDNCMS-FLILSOCVSA-N","Sca220725"
"4","SERPH","JGQRJSNHMPUKAI-MHZWONBLSA-N","Sca156307"
"5","SERPH","JGQRJSNHMPUKAI-MHZWONBLSA-N","Sca156356"
"6","SERPH","UZKBDYAMYHNHFF-XQKNLMOFSA-N","Sca156327"
"7","SERPH","UZKBDYAMYHNHFF-XQKNLMOFSA-N","Sca156335"
"8","SERPH","KAXYPGFLTITRQB-ZCYNLIDDSA-N","Sca156318"
"9","NFKB1","DAPAQENNNINUPW-IDAMAFBJSA-N","Sca96067"
"10","NFKB1","DAPAQENNNINUPW-IDAMAFBJSA-N","Sca96071"
"11","IKBA","CELCJNIQYYQLHB-UHFFFAOYSA-N","Sca108614"
"12","IKBA","KYPLTYNYSYVGGA-UHFFFAOYSA-N","Sca108614"
"13","CD2","BGEODEFTZLGQFL-GITVPZJDSA-N","Sca206853"
"14","CD2","ALUCMQJOGUZADG-ZKRJLDCNSA-N","Sca206849"
"15","CD22","RHNNBOLUOGPAJV-CYOLFESQSA-N","Sca124090"
"16","CD22","SUDAYRLDSUECQH-GFYPMFDPSA-N","Sca124101"
"17","CD22","QATDWUKLFZZIKB-GFYPMFDPSA-N","Sca124101"
"18","CD22","YIBLAKJMSSTZDU-GFYPMFDPSA-N","Sca124101"
"19","CD22","OTRZIYCZOYEUAW-ZSGSMGMISA-N","Sca124093"
"20","CD22","BDPYJKQBNAKWGP-KBOYKCPCSA-N","Sca124096"
"21","CD22","VGZLWCUFGWIUKE-KXOIUKADSA-N","Sca143031"
"22","CD22","OYVPUTMZTUBFKJ-ARQUEJKBSA-N","Sca124094"
"23","LANC2","LTFJVAGATJTPPP-UQIVLYAPSA-N","Sca4612"
"24","APEL","SVWSKJCJNAIKNH-MJZUAXFLSA-N","Sca105872"
"25","APEL","SEZVZMIKECAWEG-JXWNBHMPSA-N","Sca239224"
"26","APEL","ZTLIYGFATXKANY-NARBMPSYSA-N","Sca239231"
"27","APEL","LNRBDCYFRSEYCN-WLTNIFSVSA-O","Sca239235"
"28","APEL","XXAJFHKETAFVCS-GPPUWUEZSA-N","Sca239239"
"29","APEL","GDVCCXXQASCRNH-XWQGWOARSA-O","Sca239242"
"30","APEL","KUDFPXVGQHWSJN-NTGUUYCISA-O","Sca239224"
"31","APEL","IMFTXRURRZOOOT-GKBSYGSLSA-O","Sca239236"
"32","APEL","DNZNOYVGGKZKRX-WLTNIFSVSA-N","Sca248155"
"33","APEL","ANLBZWZSJVURRX-WLTNIFSVSA-O","Sca239246"
"34","APEL","FIPCFBQOWIGQCK-CFXCWSAJSA-N","Sca239235"
"35","APEL","AHTOMUMOXQTHCH-NARBMPSYSA-N","Sca239249"
"36","APEL","JGZCVJGERBCVAW-UDAPDHLFSA-N","Sca239244"
"37","IL2","VNZHOIDQBPFEJU-OAQYLSRUSA-N","Sca30526"
"38","CO3","JSPKWLRQUPIDRS-NWJDZPOUSA-N","Sca68747"
"39","CO3","WGQRWXBFHFOWBH-SORWEXASSA-N","Sca68626"
"40","CO3","OCTUQYZUSWCCJV-NWJDZPOUSA-N","Sca68747"
"41","CO3","ZTPZPGGQKAOPSL-ULRAUGTQSA-N","Sca37540"
"42","CO3","XGCKHIOYCGKJPR-BJLIEENSSA-N","Sca29396"
"43","CO3","BFGQANAKHJAOQY-UZUHPOSNSA-N","Sca68768"
"44","CO3","BZCORVKMPCMYEF-STXTTYQKSA-N","Sca37540"
"45","CO3","KSDNMEGNCSHTNC-MZUDAGKNSA-N","Sca37540"
"46","CO3","ONZALKRWJBRGHJ-VJHZTZQRSA-N","Sca37540"
"47","VEGFA","OLXQPAZGLQOODL-IKZWPYSWSA-N","Sca198736"
"48","VEGFA","SHSVXUUTGUMFAP-YUYZBOOHSA-N","Sca198736"
"49","VEGFA","HTKROCJPURXVPK-XQEOLWBSSA-N","Sca198736"
"50","VEGFA","SHSVXUUTGUMFAP-UOZKOTSUSA-N","Sca198736"
"51","TNFA","OQYZIYPFVVFPRU-GDLZYMKVSA-N","Sca264383"
"52","TNFA","WOLQHVZEGNOPMB-WJOKGBTCSA-N","Sca163817"
"53","TNFA","OMAZILQNKVQPEO-HSZRJFAPSA-N","Sca163818"
"54","TNFA","RGMDTCMAVVGYIV-OAQYLSRUSA-N","Sca150079"
"55","TNFA","FMOVYXGCLYORLQ-HXUWFJFHSA-N","Sca150079"
"56","TNFA","WRRSXVWQBFKQBS-SSEXGKCCSA-N","Sca163870"
"57","TNFA","LYGXFMJLULPLBO-AREMUKBSSA-N","Sca264427"
"58","TNFA","WNZOADFTOPLTQV-WJOKGBTCSA-N","Sca264425"
"59","TNFA","HPEOJGLCIZIGJQ-CXMIBLNGSA-N","Sca264434"
"60","TNFA","RSQDMFYFNPIIIT-SSEXGKCCSA-N","Sca163818"
"61","TNFA","PHONOUNKMXTVTN-IQHZPMLTSA-N","Sca163818"
"62","TNFA","OMKVYAUUSVBLPP-HHHXNRCGSA-N","Sca163807"
"63","TNFA","JJTDVNDGNHAAAP-RUZDIDTESA-N","Sca163807"
"64","TNFA","FTYGFTJCDYQDIT-MUUNZHRXSA-N","Sca163818"
"65","TNFA","VEGCFYBYHUBMBE-HXUWFJFHSA-N","Sca150079"
"66","TNFA","OXTWJLIPMPPOKM-XIYZBIRNSA-N","Sca163818"
"67","TNFA","XKXVGWOVIODBRL-JOCHJYFZSA-N","Sca150079"
"68","TNFA","JQKBKFPSZFKMLG-LMNIDFBRSA-N","Sca150079"
"69","TNFA","DLTQLMLJNKCBBV-MUUNZHRXSA-N","Sca163818"
"70","TNFA","ZCQRHPCSSGONHI-PIFIWZBESA-N","Sca265743"
"71","TNFA","GGPXLHYDQPCFCQ-AREMUKBSSA-N","Sca163807"
"72","TNFA","HANQVDCLBVUIGH-AREMUKBSSA-N","Sca264364"
"73","TNFA","OCBISIUSASRRNI-HMKWYMSDSA-N","Sca163818"
"74","TNFA","XWCQRCLFILIQQX-GBAZGAGXSA-N","Sca163818"
"75","TNFA","ACOGEAXTLFMFSL-MUUNZHRXSA-N","Sca264407"
"76","TNFA","FGJZSWDGDSXICO-RUZDIDTESA-N","Sca265741"
"77","TNFA","XKHWVHRDDPYEIL-OAQYLSRUSA-N","Sca150079"
"78","TNFA","SVGQYRXZFQAFIP-AREMUKBSSA-N","Sca163807"
"79","TNFA","RSAOCRFROSNMIB-XMMPIXPASA-N","Sca163818"
"80","TNFA","DCLSJRWOCDHCHG-XMMPIXPASA-N","Sca163818"
"81","TNFA","NPJFEKTVEKKYHY-GDLZYMKVSA-N","Sca163818"
"82","TNFA","BHYQQGWCRAFAQI-HHHXNRCGSA-N","Sca163807"
"83","TNFA","QTTNAAKOASFNFL-OAQYLSRUSA-N","Sca150079"
"84","TNFA","OAMXMFDXINASMJ-FQEVSTJZSA-N","Sca150079"
"85","TNFA","BKKNBCQLEKOTQY-HHHXNRCGSA-N","Sca163807"
"86","TNFA","VBUPEIGDURMZFH-DCWQJPKNSA-N","Sca265734"
"87","TNFA","HJEQYNGQEIKJKU-HSZRJFAPSA-N","Sca163807"
"88","TNFA","MTKNYTGDPXYECA-RUZDIDTESA-N","Sca163807"
"89","TNFA","ZMXYWILPEQWXIY-NRFANRHFSA-N","Sca150079"
"90","TNFA","ZSQVLSURZLUYJB-SSEXGKCCSA-N","Sca265722"
"91","TNFA","AXMVMINLDAIJSJ-SSYAZFEXSA-N","Sca265765"
"92","TNFA","LFLMYHYALFHVBP-XMMPIXPASA-N","Sca264357"
"93","TNFA","YXXWEEAKJZRXJL-GJQLDDCUSA-N","Sca264434"
"94","TNFA","JRFQESPJRPNADM-AREMUKBSSA-N","Sca264407"
"95","TNFA","QDRLGYPSQXQAKG-ZWAGFTRDSA-N","Sca163818"
"96","TNFA","FHWXPSSHZKKOPF-PSXMRANNSA-N","Sca164015"
"97","TNFA","KCIXKFMCBFMZMS-ZWAGFTRDSA-N","Sca163807"
"98","TNFA","KMOYCKBJTBAAON-HHHXNRCGSA-N","Sca264407"
"99","TNFA","OFTHGWAFADRYEA-AVJYQCBHSA-N","Sca265812"
"100","TNFA","RPPIDNCOXVAYRI-WUBHUQEYSA-N","Sca163818"
"101","TNFA","RRQAZVHTWDKNLU-SGANQWHYSA-N","Sca264407"
"102","TNFA","SPFZYFGGFOBYLL-HSZRJFAPSA-N","Sca264360"
"103","TNFA","OXSAFTOGQDRQTH-HXUWFJFHSA-N","Sca150079"
"104","TNFA","LKAXKNIZWUKZSQ-FYEOKJGGSA-N","Sca163817"
"105","TNFA","JYAFYSVNZMUUKS-JOCHJYFZSA-N","Sca163977"
"106","TNFA","VUPOFUMNCVYNKF-HSZRJFAPSA-N","Sca163818"
"107","TNFA","PMXSSNJPHGKQIW-CXMIBLNGSA-N","Sca264434"
"108","TNFA","WBNUPTOIIQAHFH-IQHZPMLTSA-N","Sca163807"
"109","TNFA","YULZLMCWKDYBTR-CLJLJLNGSA-N","Sca265734"
"110","TNFA","JXDSXUFGGQKQNQ-PGUFJCEWSA-N","Sca163870"
"111","TNFA","RIICPUAERNETRR-LTFVAXTNSA-N","Sca163818"
"112","TNFA","GKEDTIQTQJSZAC-HSZRJFAPSA-N","Sca150079"
"113","TNFA","CIMXKGKYBNXAKQ-HSZRJFAPSA-N","Sca150079"
"114","TNFA","JHQDPOJGNRKTCM-UHFFFAOYSA-N","Sca163818"
"115","TNFA","PLRQMLGGHVGNLG-IBGZPJMESA-N","Sca150079"
"116","TNFA","ZLMBQXBPWAMCGZ-MUUNZHRXSA-N","Sca163976"
"117","TNFA","VYWJLZPDNVYLSL-HSZRJFAPSA-N","Sca163807"
"118","TNFA","STKXMBDDSALGPM-HSZRJFAPSA-N","Sca150079"
"119","TNFA","UFDVOXPVFWMEPY-HSZRJFAPSA-N","Sca163807"
"120","TNFA","BIGYRHJUKPILKR-KKLWWLSJSA-N","Sca265739"
"121","TNFA","BIGYRHJUKPILKR-KKLWWLSJSA-N","Sca265737"
"122","TNFA","XTIYAPBWPWJQGE-WJOKGBTCSA-N","Sca163870"
"123","TNFA","APHLZAGMJQWDLY-MGBGTMOVSA-N","Sca163870"
"124","TNFA","YBOJHJQUOKIBQQ-SSEXGKCCSA-N","Sca163870"
"125","TNFA","HUYCTIMCXRMSCV-UHFFFAOYSA-N","Sca150079"
"126","TNFA","QBPCTSZUDAHVBN-XMMPIXPASA-N","Sca150079"
"127","TNFA","GHICPYYNSUEXJC-IBMMVDHNSA-N","Sca163818"
"128","TNFA","LQDVPSDWUMXYTM-SSEXGKCCSA-N","Sca264459"
"129","TNFA","GSNMAQWJDMMLEX-HHHXNRCGSA-N","Sca163807"
"130","TNFA","LQBOVZZQRYSXMM-JGCGQSQUSA-N","Sca163817"
"131","TNFA","RRQAZVHTWDKNLU-ODCWNRFASA-N","Sca264407"
"132","TNFA","PPORCIFWDHCTSP-RUZDIDTESA-N","Sca163818"
"133","TNFA","OVFYIUKIFLOISO-HXUWFJFHSA-N","Sca150079"
"134","TNFA","IMPRTVZADIUKIF-LJQANCHMSA-N","Sca150079"
"135","TNFA","JXUJWTDWBHFDPM-SSEXGKCCSA-N","Sca264392"
"136","TNFA","YOUPVMZNCSLKQC-UUWRZZSWSA-N","Sca163870"
"137","TNFA","VMUSYVTUICEWGF-XMMISQBUSA-N","Sca163807"
"138","TNFA","JISPOIZPNBJWKP-YPVFFKKOSA-N","Sca163818"
"139","TNFA","GUOOARDVBFVSBV-JOCHJYFZSA-N","Sca150079"
"140","TNFA","VEBZJOJBQZPEIO-HHHXNRCGSA-N","Sca163807"
"141","TNFA","QLFVYQZANSTHDO-HXUWFJFHSA-N","Sca150079"
"142","TNFA","YNTFAZSVLXOQTI-RUZDIDTESA-N","Sca163807"
"143","TNFA","CXXGOKXVDBAGFV-CFLNXXHPSA-N","Sca163818"
"144","TNFA","GOXFEWXSLQJDRY-NRFANRHFSA-N","Sca150079"
"145","TNFA","WNNKWLPJIVJPIG-HHHXNRCGSA-N","Sca163976"
"146","TNFA","JPSFKRZRXRUYJN-JOCHJYFZSA-N","Sca264372"
"147","TNFA","MMXWWFALWYCHLP-SSEXGKCCSA-N","Sca265720"
"148","TNFA","DGFLUWCVPLUGKX-XMMPIXPASA-N","Sca163818"
"149","TNFA","NEXBICIFHWLETE-HSZRJFAPSA-N","Sca264375"
"150","TNFA","LSNWVSIFUCSPGI-HHHXNRCGSA-N","Sca264407"
"151","TNFA","CQYNQICIXCKTTL-JGCGQSQUSA-N","Sca163870"
"152","TNFA","LGXHYZWFJWVNCL-GDLZYMKVSA-N","Sca163818"
"153","TNFA","WETKCAYYSUZHAX-ITCMONMYSA-N","Sca163818"
"154","TNFA","OLTZXHFVBSAVFE-SSEXGKCCSA-N","Sca264399"
"155","TNFA","NIFYSIPRCAERMK-XMMPIXPASA-N","Sca163818"
"156","TNFA","JVMVFKOFVVLBAY-IKOFQBKESA-N","Sca163818"
"157","TNFA","PXWWREGTHRMBOH-UHFFFAOYSA-N","Sca163807"
"158","TNFA","DPNXFCNWZPIWBE-WJOKGBTCSA-N","Sca163870"
"159","TNFA","ZBHVIEDBNRUBOM-RUZDIDTESA-N","Sca264407"
"160","TNFA","HRLZVKOGFPSGEE-GBAZGAGXSA-N","Sca163818"
"161","TNFA","SSCTWNVPCAPXGN-WJOKGBTCSA-N","Sca163870"
"162","TNFA","ZFULWCJCMWQZEQ-GDLZYMKVSA-N","Sca264436"
"163","TNFA","ZANPSDXWLYKCQF-AREMUKBSSA-N","Sca163807"
"164","TNFA","MGIPMELJIIROIN-RUZDIDTESA-N","Sca163818"
"165","TNFA","YNHOGVHHPMDFDF-MUUNZHRXSA-N","Sca163818"
"166","TNFA","CJKFIQYSCFUFPA-RUZDIDTESA-N","Sca163818"
"167","TNFA","RWIZIWYAMRPNPD-UHFFFAOYSA-N","Sca163818"
"168","TNFA","NKSBXHIDWFDHKE-JOCHJYFZSA-N","Sca163977"
"169","TNFA","UFSWRYZRPXSFGW-ITCMONMYSA-N","Sca163818"
"170","TNFA","RAOTUDZYHGTWDV-DCWQJPKNSA-N","Sca163818"
"171","TNFA","YBXAPBCXGHVKOC-NPRFROTHSA-N","Sca264453"
"172","TNFA","LZGXRCVRZKUPAC-RUZDIDTESA-N","Sca163807"
"173","TNFA","MKBKLAKFLDPFNW-JOCHJYFZSA-N","Sca150079"
"174","TNFA","LQQYSWQPHNJQBF-OAQYLSRUSA-N","Sca150079"
"175","TNFA","YYHHTNFLRDIRJO-HSZRJFAPSA-N","Sca264369"
"176","TNFA","LZYIDYXVYYUPQS-HSZRJFAPSA-N","Sca163818"
"177","TNFA","OYOALWYHSLCCJW-AREMUKBSSA-N","Sca163807"
"178","TNFA","RJETXMQQQFDNJK-SNSSHHSLSA-N","Sca265815"
"179","TNFA","QKXVYRQVCUTSOJ-ZWAGFTRDSA-N","Sca163818"
"180","TNFA","VZVTWRJKICLKJI-JOCHJYFZSA-N","Sca150079"
"181","TNFA","RYOVKXCBDJGFCU-WJOKGBTCSA-N","Sca163870"
"182","TNFA","BGNBWOMBZYXIEI-HHHXNRCGSA-N","Sca163807"
"183","TNFA","ILXWMFLAZLGKIG-XMMPIXPASA-N","Sca163807"
"184","TNFA","YJQZOBOIFSLTNH-PLYLYKGUSA-N","Sca265765"
"185","TNFA","ATUIUMZYBUFUGD-HHHXNRCGSA-N","Sca163807"
"186","TNFA","JVMVFKOFVVLBAY-JWQCQUIFSA-N","Sca163818"
"187","TNFA","NBZMNVFAMQINFG-IQHZPMLTSA-N","Sca163807"
"188","TNFA","ZPAIQTBIQOULME-JGCGQSQUSA-N","Sca163870"
"189","TNFA","CWPBQRYUCKYTPW-YHAMSUFESA-N","Sca264407"
"190","TNFA","IVLZUHBTPCDTME-HOINCLMKSA-N","Sca163818"
"191","TNFA","QWVJPWCHKKVNDF-XMMPIXPASA-N","Sca163818"
"192","TNFA","BXMUWDBSIJWNKS-SSEXGKCCSA-N","Sca264450"
"193","TNFA","WZLNARRACXABPD-OAQYLSRUSA-N","Sca265753"
"194","TNFA","WWACVARGRGARLP-XMMPIXPASA-N","Sca264357"
"195","TNFA","OHIKFHUFYCONMB-RUZDIDTESA-N","Sca163807"
"196","TNFA","QQEIDFSHQUMVQD-SSEXGKCCSA-N","Sca163870"
"197","TNFA","BUHNLEMZUNHEGZ-AREMUKBSSA-N","Sca163818"
"198","TNFA","VLHCVRXTEYYSJY-XMMPIXPASA-N","Sca163818"
"199","TNFA","PHAVOBFSAQCHQY-OAQYLSRUSA-N","Sca150079"
"200","TNFA","PNNBPQPPTLUIHB-HSZRJFAPSA-N","Sca163807"
"201","TNFA","GLMVHKDHYPQGMA-LDCRUHPQSA-N","Sca264434"
"202","TNFA","FQFIEDYMVAVRHW-HSZRJFAPSA-N","Sca150079"
"203","TNFA","GDGLTZNCEUOVQE-RUZDIDTESA-N","Sca163807"
"204","TNFA","RPJWGBJYXNRHKM-JOCHJYFZSA-N","Sca150079"
"205","TNFA","CSONHTMNMXKJEM-WJOKGBTCSA-N","Sca163818"
"206","TNFA","AGWVLDJTVGFXDB-UHFFFAOYSA-N","Sca150079"
"207","TNFA","NTDXUGWDNZPVGF-HXUWFJFHSA-N","Sca150079"
"208","TNFA","HUPOKPFSIDAEKF-JGCGQSQUSA-N","Sca163870"
"209","TNFA","KJPILHRRGVCLOD-RUZDIDTESA-N","Sca163807"
"210","TNFA","PTJFEZGVOZFPNY-UIDYPRJRSA-N","Sca265743"
"211","TNFA","RCABBFQFVTXYOF-HHHXNRCGSA-N","Sca163807"
"212","TNFA","XVSOIEREWFSDJJ-DBTLDAOKSA-N","Sca163818"
"213","TNFA","BNKHRAPZEMJCHK-XMMPIXPASA-N","Sca150079"
"214","TNFA","YERYUZRAJFJVJM-OAQYLSRUSA-N","Sca265816"
"215","TNFA","ZNTGPYZFJXZCSM-SSEXGKCCSA-N","Sca163870"
"216","TNFA","ZOGUQILNEUWWNL-WUBHUQEYSA-N","Sca163818"
"217","TNFA","LWEWMTRXAFDNSH-IQHZPMLTSA-N","Sca163818"
"218","TNFA","GJNUYPRSINEEDI-JOCHJYFZSA-N","Sca163977"
"219","TNFA","UHKRAXVHYITONX-HHHXNRCGSA-N","Sca163818"
"220","TNFA","FHQOELRDJQXJGC-YFBVDTCKSA-N","Sca265815"
"221","TNFA","NAISYEGRZYFSNR-VCHQGTEKSA-N","Sca163817"
"222","TNFA","GNXUVQQPJKTEIJ-HSZRJFAPSA-N","Sca163807"
"223","TNFA","YRQXTHXMHPBGAB-WJOKGBTCSA-N","Sca163870"
"224","TNFA","CWPBQRYUCKYTPW-AKJBCIBTSA-N","Sca264407"
"225","TNFA","AVFGPILHNKXGGS-GMTYSHBUSA-N","Sca265779"
"226","TNFA","NSKDLLYTWJVRPJ-JGCGQSQUSA-N","Sca163870"
"227","TNFA","PANZEYSWCBBJCM-HHHXNRCGSA-N","Sca265809"
"228","TNFA","HROBHOUPYNGDEP-XMMPIXPASA-N","Sca264407"
"229","TNFA","CYDOZHIVEFAYQX-SSEXGKCCSA-N","Sca264454"
"230","TNFA","FEZUQXUOGDZSQE-RUZDIDTESA-N","Sca163818"
"231","TNFA","IPVXJEWAHXFHHP-JOCHJYFZSA-N","Sca264364"
"232","TNFA","SIRBGHPLECKFTR-HHHXNRCGSA-N","Sca264407"
"233","TNFA","QDUZJQJFIIPLHV-IQHZPMLTSA-N","Sca163807"
"234","TNFA","UKTPYPTWWZETGI-MUUNZHRXSA-N","Sca163818"
"235","TNFA","QNZRTJWRJTWXMA-OABVPOGTSA-N","Sca163818"
"236","TNFA","YUGMBDCSAGEZFY-SNSSHHSLSA-N","Sca163817"
"237","TNFA","XWTHLNYMIRYTKN-MUUNZHRXSA-N","Sca163818"
"238","TNFA","JGZTVRZGAMHMDD-AREMUKBSSA-N","Sca163807"
"239","TNFA","JYXSGJWAMNTPRG-HSZRJFAPSA-N","Sca150079"
"240","TNFA","WXCVOHBWBOAZLS-HXUWFJFHSA-N","Sca150079"
"241","TNFA","GFIGHPAFLJOFHC-XMMPIXPASA-N","Sca163807"
"242","TNFA","PABFXHQXSHPBJJ-RUZDIDTESA-N","Sca163818"
"243","TNFA","WTCHSDSKRMUMDD-OZAIVSQSSA-N","Sca265743"
"244","TNFA","MRABGDUHHKEVMA-LYGOMILNSA-N","Sca264407"
"245","TNFA","HSKNVWDOYYTFOJ-HSZRJFAPSA-N","Sca163807"
"246","TNFA","LITZWIRLAPNJMW-JOCHJYFZSA-N","Sca163977"
"247","TNFA","GFNBETLJKGCEAJ-MUUNZHRXSA-N","Sca163818"
"248","TNFA","HEFRSJYQVAKNAZ-WPNNEGNSSA-N","Sca264434"
"249","TNFA","KKMDEELQLJYHQZ-DCWQJPKNSA-N","Sca264422"
"250","TNFA","VDOWSKDQCMQOCN-ITCMONMYSA-N","Sca163818"
"251","TNFA","QLFVYQZANSTHDO-FQEVSTJZSA-N","Sca150079"
"252","TNFA","KWYPGPBYLJSFCV-WGAKKPHLSA-N","Sca163818"
"253","TNFA","ANMLNJVXFBSDMU-SNSSHHSLSA-N","Sca163818"
"254","TNFA","RHFKYNSMBHVYRH-MUUNZHRXSA-N","Sca163818"
"255","TNFA","CEYGEGGSWNVPPZ-JOCHJYFZSA-N","Sca150079"
"256","TNFA","HNSMCDJIXYKFJL-HRYTWTRCSA-N","Sca163818"
"257","TNFA","AICXQOYNUNAFIC-CJFMBICVSA-N","Sca163818"
"258","TNFA","YVPQHHKFAHQQFY-HHHXNRCGSA-N","Sca264407"
"259","TNFA","RJAGOYVXQHHTMP-WUBHUQEYSA-N","Sca163818"
"260","TNFA","ALKCSYJSICCJCM-AREMUKBSSA-N","Sca163818"
"261","TNFA","YULZLMCWKDYBTR-FTJBHMTQSA-N","Sca265734"
"262","TNFA","FTPWHFJTYZWOPY-ITCMONMYSA-N","Sca163818"
"263","TNFA","RPIXUTROJMVGDZ-FXDYGKIASA-N","Sca163818"
"264","TNFA","RBQNSPKXDVILSH-PSXMRANNSA-N","Sca264410"
"265","TNFA","YJTJUEGLSJUQSI-MGBGTMOVSA-N","Sca163870"
"266","TNFA","FYIRGASZSQQNLR-HSZRJFAPSA-N","Sca264364"
"267","TNFA","RWJZICCJTSQJFD-RUZDIDTESA-N","Sca163818"
"268","TNFA","YXAPCNWNHLUBAY-JGCGQSQUSA-N","Sca264383"
"269","TNFA","IAGJLIHQBHYLPL-IQHZPMLTSA-N","Sca163818"
"270","TNFA","ZSDMHFFHFDSYQU-HSZRJFAPSA-N","Sca150079"
"271","TNFA","QPHZEBMMVJBDRZ-XMMPIXPASA-N","Sca163818"
"272","TNFA","OMFGJZSSAVCFIY-SSEXGKCCSA-N","Sca163870"
"273","TNFA","AUWCRYUPRHMNCJ-AREMUKBSSA-N","Sca163818"
"274","TNFA","YULZLMCWKDYBTR-DCWQJPKNSA-N","Sca265734"
"275","TNFA","UQNOVEOWSWDNDF-AREMUKBSSA-N","Sca163818"
"276","TNFA","SISZTYKGUNKWOD-MUUNZHRXSA-N","Sca163818"
"277","TNFA","QRJMASABBOESKY-RMOSNQSASA-N","Sca163818"
"278","TNFA","JHEFYCSEQOCCCA-AREMUKBSSA-N","Sca264407"
"279","TNFA","AOMGOKVXKMSVSB-HXUWFJFHSA-N","Sca150079"
"280","TNFA","LLYJCPKPOUWCMM-AREMUKBSSA-N","Sca163807"
"281","TNFA","MDQWZWSMKPNPNC-MUUNZHRXSA-N","Sca264444"
"282","TNFA","LMYBJFMAZJIUKQ-MUUNZHRXSA-N","Sca264368"
"283","TNFA","KADOKZCMNMHBTR-OAQYLSRUSA-N","Sca150079"
"284","TNFA","ULNKKOHSJWPQBH-AREMUKBSSA-N","Sca163807"
"285","TNFA","DGLDMCXCWYWOML-ZWAGFTRDSA-N","Sca163818"
"286","TNFA","SPFZYFGGFOBYLL-QHCPKHFHSA-N","Sca264360"
"287","TNFA","AOKGFVFNNCDRIH-MGBGTMOVSA-N","Sca163870"
"288","TNFA","FLWYCQFWAYXXPS-RUZDIDTESA-N","Sca163818"
"289","TNFA","LFPJYNKSPCTMQA-JOCHJYFZSA-N","Sca150079"
"290","TNFA","BIVKESNWLPUQJF-HSZRJFAPSA-N","Sca163977"
"291","TNFA","NBQYXQTUXNEFTJ-XMMPIXPASA-N","Sca264407"
"292","TNFA","JBWLKPFUUULOFZ-FXDYGKIASA-N","Sca163818"
"293","TNFA","MGXAFBGHCJUHMC-HHHXNRCGSA-N","Sca264407"
"294","TNFA","CIWKNCSUDGRQMY-YASXMZIQSA-N","Sca163818"
"295","TNFA","BIFMNKIXPZCDHB-MUUNZHRXSA-N","Sca264407"
"296","TNFA","PYTXPVHJIDYQEO-RUZDIDTESA-N","Sca163818"
"297","TNFA","XWBPFOWMRFEXOS-BQUQIILOSA-N","Sca264407"
"298","TNFA","MKBKLAKFLDPFNW-QFIPXVFZSA-N","Sca150079"
"299","TNFA","ACLBCFXZZJRMKL-AREMUKBSSA-N","Sca163807"
"300","TNFA","MUUPTMXNJJHPHO-SSEXGKCCSA-N","Sca163870"
"301","TNFA","JMUYZHBXAPIJST-XMMPIXPASA-N","Sca163807"
"302","TNFA","YAUHDOATTPVDFL-HSZRJFAPSA-N","Sca163807"
"303","TNFA","WUBUATFMXOJTOY-MUUNZHRXSA-N","Sca163818"
"304","TNFA","DFGZUKURUZBFCF-HSZRJFAPSA-N","Sca150079"
"305","TNFA","SRLGLYMFEUVUBS-SSEXGKCCSA-N","Sca163870"
"306","TNFA","KUHNQPGNDPIRJW-RUZDIDTESA-N","Sca150079"
"307","TNFA","OXDAXBUMKFQJHP-RUZDIDTESA-N","Sca163818"
"308","TNFA","ANBVSSFGMCMMDD-MUUNZHRXSA-N","Sca264382"
"309","TNFA","ZMXYWILPEQWXIY-OAQYLSRUSA-N","Sca150079"
"310","TNFA","HQGDNERWBAPNFB-UHFFFAOYSA-N","Sca264431"
"311","TNFA","LPJFJIGXLATALL-ZWAGFTRDSA-N","Sca163818"
"312","TNFA","ZMVMRJBXLKMZQH-JGCGQSQUSA-N","Sca264387"
"313","TNFA","HORFJXMNDRUASC-SIJZPPASSA-N","Sca163818"
"314","TNFA","KFGIOORFNFXPJQ-PSXMRANNSA-N","Sca164015"
"315","TNFA","QZZSRKCVQGTWFI-KWRHIPAJSA-N","Sca265739"
"316","TNFA","QZZSRKCVQGTWFI-KWRHIPAJSA-N","Sca265737"
"317","TNFA","NNNINAVNASMUPH-UHFFFAOYSA-N","Sca265805"
"318","TNFA","RKRZFMWPVKNRPF-AJLMHGPESA-N","Sca264447"
"319","TNFA","VLYULZSNSXSWHO-QXPUDEPPSA-N","Sca264413"
"320","TNFA","AYHQPKVQZYDVMT-VYTXOHQDSA-N","Sca163818"
"321","TNFA","DKNBENRYRTUHRN-GDLZYMKVSA-N","Sca163817"
"322","TNFA","HTRUIAPEJOFNMQ-MUUNZHRXSA-N","Sca264407"
"323","TNFA","UBJYKIFHJAGJCE-RUZDIDTESA-N","Sca163977"
"324","TNFA","IACOVDKKTCMMGQ-NORZDRCHSA-N","Sca264434"
"325","TNFA","OYSREZWFLMTDOM-AREMUKBSSA-N","Sca163807"
"326","TNFA","BOYUDLNZMZMOHE-RUZDIDTESA-N","Sca163818"
"327","TNFA","QIIFEWKYNUTMQJ-RUZDIDTESA-N","Sca163818"
"328","TNFA","RQOBCIHEMUBWEK-KFTJTTPMSA-N","Sca163818"
"329","TNFA","HAGMXLJFRPRPEB-OZAIVSQSSA-N","Sca265763"
"330","TNFA","DTDBWBYWLBIJQQ-XMMPIXPASA-N","Sca163818"
"331","TNFA","XCEQFNMMPTYJEH-HSZRJFAPSA-N","Sca264372"
"332","TNFA","NFTZFUZHJUXHQR-QXPUDEPPSA-N","Sca163807"
"333","TNFA","HFEYUSKLTLXTLZ-VCHQGTEKSA-N","Sca163817"
"334","TNFA","UGQOIMPGEOZSRC-AREMUKBSSA-N","Sca163807"
"335","TNFA","DFXMAMHUUYRAGG-XMMPIXPASA-N","Sca265730"
"336","TNFA","RYRXXMRCLBFLHQ-PGUFJCEWSA-N","Sca163870"
"337","TNFA","ABHVVLUTNCKKEX-IQHZPMLTSA-N","Sca163818"
"338","IF4E","XCCLFPUBQTZIEH-SCFUHWHPSA-N","Sca201374"
"339","IF4E","MCYZBWKMUOPJOU-UHFFFAOYSA-N","Sca201383"
"340","IF4E","DKVRNHPCAOHRSI-KQYNXXCUSA-N","Sca201381"
"341","IF4E","DKVRNHPCAOHRSI-KQYNXXCUSA-N","Sca152719"
"342","IF4E","DKVRNHPCAOHRSI-KQYNXXCUSA-N","Sca152721"
"343","IF4E","CNNKPJYFPGUGLQ-UHFFFAOYSA-N","Sca201383"
"344","IF4E","RHMQELFSDNQEBP-SCFUHWHPSA-N","Sca152718"
"345","IF4E","ZIPYKPGMJNDUSX-UHFFFAOYSA-N","Sca201383"
"346","IF4E","QWFXGVANFMDSMH-LSCFUAHRSA-N","Sca152718"
"347","IF4E","PYFSHRHJFPDMPM-NVQRDWNXSA-N","Sca201379"
"348","IF4E","OSDHZJVAKUMRCL-LSCFUAHRSA-N","Sca152718"
"349","IF4E","YCZIVALBOMAUFR-LSCFUAHRSA-N","Sca152718"
"350","WNT3A","ZBJVKCDYVCVOIF-UHFFFAOYSA-N","Sca226439"
"351","WNT3A","DYGBNAYFDZEYBA-UHFFFAOYSA-N","Sca226439"
"352","WNT3A","KLGQSVMIPOVQAX-UHFFFAOYSA-N","Sca154353"
"353","WNT3A","WMOFKDNPUXQKFI-UHFFFAOYSA-N","Sca226428"
"354","WNT3A","NTQHXNALUQPZJR-UHFFFAOYSA-N","Sca226437"
"355","WNT3A","CCVBOAMGJQRBBT-UHFFFAOYSA-N","Sca226440"
"356","WNT3A","LBFYQISQYCGDDW-UHFFFAOYSA-N","Sca253173"
"357","WNT3A","GXCGSCMUTWIBEU-UHFFFAOYSA-N","Sca226440"
"358","WNT3A","HVPUASJORDGFQX-UHFFFAOYSA-N","Sca226428"
"359","WNT3A","SUKHPNUTRMBUST-UHFFFAOYSA-N","Sca226432"
"360","WNT3A","AHJJFIGHBOPXKV-UHFFFAOYSA-N","Sca226428"
"361","WNT3A","JDRRUNIVJVAXBH-UHFFFAOYSA-N","Sca226434"
"362","WNT3A","IAGKBCUKKSAKTF-UHFFFAOYSA-N","Sca226430"
"363","WNT3A","TWJFMOWGAAKBEI-UHFFFAOYSA-N","Sca226440"
"364","WNT3A","SKYFUELJMZKOQQ-UHFFFAOYSA-N","Sca226445"
"365","WNT3A","ZWIJUUMFHSAWDX-UHFFFAOYSA-N","Sca226440"
"366","WNT3A","ZGSXEXBYLJIOGF-IDPBPBMLSA-N","Sca136886"
"367","WNT3A","LQZSHPITKSPDLC-UHFFFAOYSA-N","Sca308958"
"368","WNT3A","LQZSHPITKSPDLC-UHFFFAOYSA-N","Sca179902"
"369","WNT3A","LQZSHPITKSPDLC-UHFFFAOYSA-N","Sca174827"
"370","WNT3A","LQZSHPITKSPDLC-UHFFFAOYSA-N","Sca165424"
"371","WNT3A","ZMGPDWHTUMUFPT-UHFFFAOYSA-N","Sca171472"
"372","WNT3A","ZMGPDWHTUMUFPT-UHFFFAOYSA-N","Sca165305"
"373","WNT3A","HQPRJYQZDYZZOA-UHFFFAOYSA-N","Sca308958"
"374","WNT3A","HQPRJYQZDYZZOA-UHFFFAOYSA-N","Sca179902"
"375","WNT3A","HQPRJYQZDYZZOA-UHFFFAOYSA-N","Sca174827"
"376","WNT3A","HQPRJYQZDYZZOA-UHFFFAOYSA-N","Sca165424"
"377","WNT3A","KRIKILRRJCIWNB-UHFFFAOYSA-N","Sca171472"
"378","WNT3A","KRIKILRRJCIWNB-UHFFFAOYSA-N","Sca165305"
"379","WNT3A","NBISXOSUCKEWEA-UHFFFAOYSA-N","Sca171472"
"380","WNT3A","NBISXOSUCKEWEA-UHFFFAOYSA-N","Sca165305"
"381","HG2A","QCVFWWFGAKRNHR-UHFFFAOYSA-N","Sca82630"
"382","HG2A","JBLOHPBDSXSVNC-UHFFFAOYSA-N","Sca82919"
"383","HG2A","OMDGGXZLVWQNQJ-UHFFFAOYSA-N","Sca82891"
"384","HG2A","DXZBVPJKNGQDSA-UHFFFAOYSA-N","Sca82891"
"385","HG2A","AMSFCNUCSFWCJW-UHFFFAOYSA-N","Sca82891"
"386","HG2A","FGUVGHPZGGMLJY-UHFFFAOYSA-N","Sca82630"
"387","HG2A","LYFKQHVCRNURSR-UHFFFAOYSA-N","Sca82655"
"388","UBA6","PGAMXUGSHMQFKD-BPAMBQHCSA-N","Sca204839"
"389","UBA6","PGAMXUGSHMQFKD-BPAMBQHCSA-N","Sca197763"
"390","PSB10","UHNYITHLNFUAIN-VTNASVEKSA-N","Sca244798"
"391","PSB10","WQAVPPWWLLVGFK-VTNASVEKSA-N","Sca240075"
"392","CALCA","CGDZXLJGHVKVIE-DNVCBOLYSA-N","Sca98586"
"393","CALCA","AZAANWYREOQRFB-SETSBSEESA-N","Sca200478"
"394","CALCA","AZAANWYREOQRFB-SETSBSEESA-N","Sca189892"
"395","CALCA","DNKYDHSONDSTNJ-XJVRLEFXSA-N","Sca6321"
"396","CALCA","BXNUIUWCMHAHET-OAQYLSRUSA-N","Sca77536"
"397","CALCA","ITIXDWVDFFXNEG-JHOUSYSJSA-N","Sca77534"
"398","CALCA","QBDDCUKCEKLYLG-UHFFFAOYSA-N","Sca189903"
"399","CALCA","NDACAFBDTQIYCQ-YVQXRMNASA-N","Sca6321"
"400","CD38","HJCHDZGEJHNQGD-WKILWMFISA-N","Sca255035"
"401","CD38","HGZNNZYWRLBABG-SHTZXODSSA-N","Sca255033"
"402","CD38","KEKZQVPNLJQCJI-HDJSIYSDSA-N","Sca255033"
"403","CD38","HRPDLIRHUMUQDQ-KOMQPUFPSA-N","Sca255033"
"404","CD38","UIVBIWLDRWZDHF-UHFFFAOYSA-N","Sca255039"
"405","CD38","CSWOETBECUDEEP-UHFFFAOYSA-N","Sca255035"
"406","CD38","XUKGFHFFJJOKKL-UHFFFAOYSA-N","Sca255039"
"407","CD38","YBWVXXAXRAVRND-UHFFFAOYSA-N","Sca255033"
"408","CD38","FIQSZTRGRSNAMH-MQMHXKEQSA-N","Sca255035"
"409","CD38","KYBPXBQXLVGFOP-UHFFFAOYSA-N","Sca255039"
"410","CD38","DLBNZKGJZYSGJF-CTYIDZIISA-N","Sca255033"
"411","CD38","XPEBLJSPHXLWGT-HDJSIYSDSA-N","Sca255042"
"412","CD38","OQXFWZCVLGUTPB-IYARVYRRSA-N","Sca255033"
"413","CD38","QTPNZZJIUZTFRK-UHFFFAOYSA-N","Sca255039"
"414","CD38","HJBLPDHCMRUFHW-WKILWMFISA-N","Sca255033"
"415","CD38","KYZOKRJDUREGKD-HDJSIYSDSA-N","Sca255047"
"416","CD38","QACJQHGIQZKMAR-UHFFFAOYSA-N","Sca255035"
"417","CD38","BVXZLOGAKHSZND-CTYIDZIISA-N","Sca255035"
"418","CD38","AEIHHQCRNRWFDR-HDJSIYSDSA-N","Sca255039"
"419","CD38","QADCFCAKUGGZJW-MQMHXKEQSA-N","Sca255039"
"420","CD38","IDGSKYUWGRYWPT-UHFFFAOYSA-N","Sca255049"
"421","CD38","SOJGGKJWRAVHNW-WKILWMFISA-N","Sca255047"
"422","CD38","JQZFVAWTPLKKSF-UHFFFAOYSA-N","Sca255051"
"423","CD38","XONPLHPMAURMJL-UHFFFAOYSA-N","Sca255039"
"424","CD38","XQJZHWDHSXMPFF-KOMQPUFPSA-N","Sca255039"
"425","CD38","VOHWAEFKDIHGLY-IYARVYRRSA-N","Sca255033"
"426","CD38","VJQALSOBHVEJQM-QAQDUYKDSA-N","Sca255033"
"427","CD38","DMHJHSKVAFHFOT-UHFFFAOYSA-N","Sca255039"
"428","CD38","UPPIWUSHSPAOJF-CHWSQXEVSA-N","Sca255039"
"429","CD38","AEOVRVHUZLTCMU-MQMHXKEQSA-N","Sca255042"
"430","CD38","DMFWZMBVUGWLCQ-UHFFFAOYSA-N","Sca255039"
"431","CD38","ZWGQYCJBHPXEPF-UHFFFAOYSA-N","Sca255039"
"432","CD38","BIFSNDSAGPUPAP-UHFFFAOYSA-N","Sca255039"
"433","CD38","PHNISBVYCVYISH-UHFFFAOYSA-N","Sca255039"
"434","CD38","SBFSSKKJPPYCSR-UHFFFAOYSA-N","Sca255039"
"435","CD38","MQZXDPKDXSHACX-UHFFFAOYSA-N","Sca255042"
"436","CD38","WJIVDQUOECKURQ-AULYBMBSSA-N","Sca255039"
"437","CD38","LVKIZZWITJCZAO-AULYBMBSSA-N","Sca255039"
"438","CD38","MFSSHCDVFJPDHJ-UHFFFAOYSA-N","Sca255039"
"439","CD38","CDXXZIOUJHVQMO-CTYIDZIISA-N","Sca255039"
"440","CD38","DOPAYNPSNQQSRM-KOMQPUFPSA-N","Sca255033"
"441","CD38","PJJIVROEUNEVOG-UHFFFAOYSA-N","Sca133032"
"442","CD38","VTRMEFAHIDGTBJ-UHFFFAOYSA-N","Sca255033"
"443","CD38","LVSOXTLPGDTVEC-DOMZBBRYSA-N","Sca255039"
"444","CD38","ADFAWIIDRUZFJT-SHTZXODSSA-N","Sca255035"
"445","CD38","CZTGOQSKCZVGPO-UHFFFAOYSA-N","Sca255039"
"446","CD38","LVSOXTLPGDTVEC-WFASDCNBSA-N","Sca255039"
"447","CD38","QGWDWRRZTVUVKB-QAQDUYKDSA-N","Sca255035"
"448","CD38","QZSMIFYJVNGNEY-UHFFFAOYSA-N","Sca255039"
"449","CD38","HMWAKSCAHPAVEE-UHFFFAOYSA-N","Sca255039"
"450","CD38","HNDMAVYDWZHBTK-UHFFFAOYSA-N","Sca255039"
"451","CD38","DZNPBSFQHHTVEI-UHFFFAOYSA-N","Sca255039"
"452","CD38","JSPUEGWBSKAOJC-UHFFFAOYSA-N","Sca255043"
"453","CD38","RZRYAHXQLVPLIH-UHFFFAOYSA-N","Sca255039"
"454","CD38","VOXXOUBHHMGKFF-UHFFFAOYSA-N","Sca255039"
"455","CD38","LPXYMTVRTJZZMF-WKILWMFISA-N","Sca255041"
"456","CD38","VDOCAIOXRHMIFP-UHFFFAOYSA-N","Sca255039"
"457","CD38","ODGOHANETZJRIS-UHFFFAOYSA-N","Sca255039"
"458","CD38","GZYBMNSSZHWNFF-UHFFFAOYSA-N","Sca255039"
"459","CD38","NMBAKNSXUASOOK-UHFFFAOYSA-N","Sca255039"
"460","CD38","YNCGIHNGHPENEQ-UHFFFAOYSA-N","Sca255039"
"461","CD38","ONQZZRQBNMKTST-UHFFFAOYSA-N","Sca255039"
"462","CD38","XMZBWFLDXDKJSK-UHFFFAOYSA-N","Sca255039"
"463","CD38","FHCMCSXXDOVYLW-UHFFFAOYSA-N","Sca255039"
"464","CD38","MOKKZCCTNRQAHN-UHFFFAOYSA-N","Sca255039"
"465","CD38","LOJCSTRHSDHULY-UHFFFAOYSA-N","Sca255039"
"466","CD38","QBRDVXLJTSSKHA-UHFFFAOYSA-N","Sca255039"
"467","CD38","VZSUHMSVIQXXMK-UHFFFAOYSA-N","Sca255039"
"468","CD38","OAYVTXJSLVPLQP-UHFFFAOYSA-N","Sca255039"
"469","CD38","LVKIZZWITJCZAO-BJHJDKERSA-N","Sca255039"
"470","CD38","JWTNGHSTZHXTEI-UHFFFAOYSA-N","Sca255039"
"471","CD38","GDJPSUNLWNVYIH-UHFFFAOYSA-N","Sca255039"
"472","CD38","ZPHDUUDYARVFOB-UHFFFAOYSA-N","Sca255039"
"473","CD38","QMUKXFROXCOBER-UHFFFAOYSA-N","Sca255039"
"474","CD38","VUHUFXYMOCQDNL-UHFFFAOYSA-N","Sca133032"
"475","CD38","BKBGRHJKORKCFW-UHFFFAOYSA-N","Sca255039"
"476","CD38","LFBXDZBYLPPAHI-UHFFFAOYSA-N","Sca255039"
"477","XBP1","YPZRDXUBXUFGQX-UHFFFAOYSA-M","Sca157347"
"478","XBP1","WFOACGQBBBLAIM-UHFFFAOYSA-N","Sca246268"
"479","XBP1","FYTDXOGJMXIITH-UHFFFAOYSA-N","Sca246268"
"480","XBP1","UCAFJBSQKXVPDX-UHFFFAOYSA-N","Sca261797"
"481","XBP1","YCQANNMZZHKNIZ-ZLIHTVQJSA-N","Sca264081"
"482","XBP1","NQFSVTNYDHJLAT-BKEOZZTQSA-N","Sca264075"
"483","XBP1","FPSHEXYMLFPCLF-LVWWODSESA-N","Sca264081"
"484","PLGF","XNFNMVVCSJDPPE-ZHJAKEBVSA-N","Sca179257"
"485","PLGF","WTIWNWJCVLLHKW-FGGKEPPBSA-N","Sca179260"
"486","PLGF","VKYWZTDFDFCHTC-NKQUKQHVSA-N","Sca179254"
"487","PLGF","OCWAVXDKOXTVMR-DEHOOOJBSA-N","Sca179251"
"488","PLGF","GXWIPZUWQQNHGA-BMHTYJBBSA-N","Sca179263"
"489","PLGF","PSHTWLDWKUGJNS-ZCUGKWHYSA-N","Sca179265"
"490","PLGF","PSHTWLDWKUGJNS-YOQNWUPSSA-N","Sca179265"
"491","PLGF","NUAVLYAMYMIYMQ-XLUOEVAHSA-N","Sca179226"
"492","PLGF","AVENPJLXPORGIV-AACLAAPASA-N","Sca179246"
"493","PLGF","DHWJUOUREGIDIK-LFCYLIFCSA-N","Sca179226"
"494","PLGF","LBBUBAQMBVLGGF-SZPIYGEDSA-N","Sca179265"
"495","PLGF","ODHSAUHYPXHJGT-LQLMSOFXSA-N","Sca179249"
"496","PLGF","XZZZULWTZVXHQA-LEJPJESASA-N","Sca179270"
"497","PLGF","QVCTYFHVUQGUCT-CZDMZPTHSA-N","Sca179226"
"498","PLGF","KOEOLLOLIPGAAN-YPFRLUKASA-N","Sca179226"
"499","PLGF","FMOHPVGQHJFFCM-SOHUEORBSA-N","Sca179265"
"500","TPOR","GKXBZIZTMGDJFJ-JWGURIENSA-N","Sca161772"
"501","TPOR","VSVPLICYROLNNW-JWGURIENSA-N","Sca161814"
"502","TPOR","VGABBPNDLHRNOQ-HMAPJEAMSA-N","Sca161771"
"503","TPOR","YMJFWAZRZUTXJC-QNGOZBTKSA-N","Sca161772"
"504","TPOR","ZBCZFPJRXQRPGM-PLRJNAJWSA-N","Sca161771"
"505","TPOR","QEALRNYJQFKVHJ-QNGOZBTKSA-N","Sca161772"
"506","TPOR","NXQDHHINNZIVQT-HAHDFKILSA-N","Sca161813"
"507","TPOR","ZVQMLFYTXIMFOF-HMAPJEAMSA-N","Sca161771"
"508","TPOR","PUEZQFVXWUGNLH-QJOMJCCJSA-N","Sca161772"
"509","ICAM1","JFOZKMSJYSPYLN-QHCPKHFHSA-N","Sca159361"
"510","LYAM1","SERRSGRGANILJR-UHFFFAOYSA-N","Sca87110"
"511","ITA4","PORQBGUSJHJLPQ-QHCPKHFHSA-N","Sca110623"
"512","ITA4","GWZJIEHVGSRWQJ-SFTDATJTSA-N","Sca92681"
"513","ITA4","IFGXOTDKEWTBFF-OALUTQOASA-N","Sca92681"
"514","ITA4","GIGIMGKAFFGNRE-UGKGYDQZSA-N","Sca116194"
"515","ITA4","YNJNDBAQPYNBTR-PMACEKPBSA-N","Sca92681"
"516","ITA4","VBQLKAJJKQAJIM-QPTUXGOLSA-N","Sca159922"
"517","ITA4","VBQLKAJJKQAJIM-QPTUXGOLSA-N","Sca159996"
"518","ITA4","MSLKEFBOXBUEPF-GOTSBHOMSA-N","Sca92681"
"519","ITA4","KSXOGEYJDPMNEE-UHFFFAOYSA-N","Sca117391"
"520","ITA4","GMINLGKKNUFSSX-SFTDATJTSA-N","Sca92681"
"521","ITA4","IZGCHFAIPPDHJS-NYMACZPPSA-N","Sca117389"
"522","ITA4","LLULTILUFGKYFX-PXLJZGITSA-N","Sca103728"
"523","ITA4","NVSWYFNJDUCDCI-SFTDATJTSA-N","Sca92681"
"524","ITA4","HVYQTZIUJILNAJ-DEOSSOPVSA-N","Sca110623"
"525","ITA4","MONYNIRDTFXWKB-IAXKEJLGSA-N","Sca110623"
"526","ITA4","HIRZLJKWWPKJHG-VXKWHMMOSA-N","Sca92681"
"527","ITA4","RNXGBBKKJJGNNS-PMACEKPBSA-N","Sca77872"
"528","ITA4","ONVNHFRCIGUQMP-FQEVSTJZSA-N","Sca110624"
"529","ITA4","POPRDNSEBXLJLF-VMPREFPWSA-N","Sca103726"
"530","ITA4","QISZKMMCJDRPAF-YTFSRNRJSA-N","Sca159922"
"531","ITA4","WEBZMJPCAJJKTN-NRFANRHFSA-N","Sca110623"
"532","ITA4","AQFDERFJIWDDCF-NRFANRHFSA-N","Sca110928"
"533","ITA4","FKXHSLYDCOCXSG-ZEQRLZLVSA-N","Sca103738"
"534","ITA4","REDKKVINILPCFB-OALUTQOASA-N","Sca92681"
"535","ITA4","OLNROGQGRXSEDN-XUVXKRRUSA-N","Sca160042"
"536","ITA4","ZNPQPNSOQCGUTL-NRFANRHFSA-N","Sca110623"
"537","ITA4","ICYQFAXGIFGNST-PMACEKPBSA-N","Sca92681"
"538","ITA4","SEBDKUQTAVRLGT-RBZQAINGSA-N","Sca159922"
"539","ITA4","SEBDKUQTAVRLGT-RBZQAINGSA-N","Sca159996"
"540","ITA4","BBJDKAQNUQEOHQ-ROUUACIJSA-N","Sca92681"
"541","ITA4","TVEYZMJRXVGMPY-PMACEKPBSA-N","Sca92681"
"542","ITA4","NXXULCNLVLCQMW-QPTUXGOLSA-N","Sca159962"
"543","ITA4","VEWPLVJCTPFFPB-QFIPXVFZSA-N","Sca110623"
"544","ITA4","VOYBRZYJCDABSR-LXLYTFERSA-N","Sca160066"
"545","ITA4","CJSJCPSXRGQDKE-KYAQHZTFSA-N","Sca99079"
"546","ITA4","CWGHGLXCBRDJKD-IBGZPJMESA-N","Sca110904"
"547","ITA4","IGQAJLNWDRBAAB-SANMLTNESA-N","Sca110622"
"548","ITA4","RNONHKYHQFSZDY-REWPJTCUSA-N","Sca116197"
"549","ITA4","LHLHKPCPTPRBAT-ZEQRLZLVSA-N","Sca92681"
"550","ITA4","CUJUCMOKDGIBMR-ZEQRLZLVSA-N","Sca103738"
"551","ITA4","SLEPRLLRUJDHNF-NRFANRHFSA-N","Sca110624"
"552","ITA4","RZTVQLZODGPXAG-FQEVSTJZSA-N","Sca110623"
"553","ITA4","DWWRBBBYJCGWGH-OPXMRZJTSA-N","Sca117385"
"554","ITA4","DYQOZATVQQMJJY-QPTUXGOLSA-N","Sca159922"
"555","ITA4","DYQOZATVQQMJJY-QPTUXGOLSA-N","Sca159996"
"556","ITA4","AEAYDNFPSLYSOA-UIUQJESISA-N","Sca117391"
"557","ITA4","UHUMNACSISLLBS-HZXVKSMZSA-N","Sca146175"
"558","ITA4","YAEVLJNHQBMRGU-ICTDUYRTSA-N","Sca117391"
"559","ITA4","SRARTUKACIVLMP-YNJKOYDBSA-N","Sca146163"
"560","ITA4","GKVFPAULNAWNJX-WIIGKZCBSA-N","Sca159912"
"561","ITA4","SWCNXPKXNIGCDX-SFTDATJTSA-N","Sca77872"
"562","ITA4","BGUIDBFPVBVYLX-NRFANRHFSA-N","Sca110928"
"563","ITA4","LTYMJLTXGNXFIQ-VMPREFPWSA-N","Sca103726"
"564","ITA4","HGUWOMZELHHUQV-QHCPKHFHSA-N","Sca1686"
"565","ITA4","RJMUZBGFVXULMJ-SMCANUKXSA-N","Sca103726"
"566","ITA4","XPOXILWLEPQOOH-FQEVSTJZSA-N","Sca110904"
"567","ITA4","IIABHYNBTSJROG-PMACEKPBSA-N","Sca92681"
"568","ITA4","RWWRKXWQTNULEA-BGERDNNASA-N","Sca110623"
"569","ITA4","UOQRUCISSASGLE-VWLOTQADSA-N","Sca110623"
"570","ITA4","WFRWRDPACMNSEM-PWRODBHTSA-N","Sca159922"
"571","ITA4","OIGUWMRWUNGANB-QHCPKHFHSA-N","Sca110623"
"572","ITA4","QGBXCDHCSWUMCT-IBGZPJMESA-N","Sca110624"
"573","ITA4","BEYSUVLDGBAATA-QTLFVIRPSA-N","Sca99084"
"574","ITA4","SNMVGQOESNPUOV-ROUUACIJSA-N","Sca92681"
"575","ITA4","CIIULLSFEQSQLM-WUFINQPMSA-N","Sca103726"
"576","ITA4","HMAGWXRVRVMHGK-ICDZXHCJSA-N","Sca159922"
"577","ITA4","HMAGWXRVRVMHGK-ICDZXHCJSA-N","Sca159996"
"578","ITA4","MYLLZAZDNANPCL-QFIPXVFZSA-N","Sca1686"
"579","ITA4","RWXLEGJTWXHYFT-PMACEKPBSA-N","Sca92681"
"580","ITA4","JHBJKRQQEIQKHE-IBGZPJMESA-N","Sca110623"
"581","ITA4","SUPGBSSFNJDXNH-OXIOLLRCSA-N","Sca120507"
"582","ITA4","XWUZBYZNZYQJKF-ZEQRLZLVSA-N","Sca92681"
"583","ITA4","ULIGFGCKRRTCOA-UIOOFZCWSA-N","Sca103731"
"584","ITA4","CGYFLQMZKNWLEB-XGRCMKMKSA-N","Sca11800"
"585","ITA4","VSDOKMSXOUYHRM-NSOVKSMOSA-N","Sca103726"
"586","ITA4","QQBPXAXSFYBAFJ-SFTDATJTSA-N","Sca92681"
"587","ITA4","UXELCDHPQCTKTR-IBGZPJMESA-N","Sca110904"
"588","ITA4","JRJYASJXABFMAT-KYJUHHDHSA-N","Sca103726"
"589","ITA4","MZPKCSOECXTYLC-ICTDUYRTSA-N","Sca117389"
"590","ITA4","QMJSEFHKEFJHPI-YGOYIFOWSA-N","Sca146167"
"591","ITA4","NLJJQBFMCWFYIW-PMACEKPBSA-N","Sca92681"
"592","ITA4","AJRKSLWLFLTFCK-CUNXSJBXSA-N","Sca11800"
"593","ITA4","TZFKCNHTXQSQLT-NYMACZPPSA-N","Sca146155"
"594","ITA4","WBCOIWFOZDTSAF-FRXPANAUSA-N","Sca159912"
"595","ITA4","BPJJOQAMMGQDDF-UHFFFAOYSA-N","Sca117391"
"596","ITA4","CTRIJHIVZHRDHX-CMOCDZPBSA-N","Sca116174"
"597","ITA4","ANNOKGXWULWTGK-DQEYMECFSA-N","Sca103733"
"598","ITA4","IWGNNKVAMHXIPW-ROUUACIJSA-N","Sca92681"
"599","ITA4","QVHYHKMNKKORNL-NYMACZPPSA-N","Sca146159"
"600","ITA4","FVAIVLVJBJHRGN-NRFANRHFSA-N","Sca110623"
"601","ITA4","VLSKTGIWTDJHAN-ICTDUYRTSA-N","Sca146190"
"602","ITA4","HJAWHIKGQTVOTF-HZXVKSMZSA-N","Sca146171"
"603","ITA4","ZIZMAANWJMCCKV-MHZHKKNFSA-N","Sca146182"
"604","ITA4","KXHIBDMMVZVZBW-LSYYVWMOSA-N","Sca103726"
"605","ITA4","FBKITRIRLKVKDU-SFTDATJTSA-N","Sca116174"
"606","ITA4","KCHWAIVFBMDFOL-OXIOLLRCSA-N","Sca120507"
"607","ITA4","BOLRFCDFAQTBDV-MHZHKKNFSA-N","Sca117391"
"608","ITA4","CTRIJHIVZHRDHX-MYGLTJDJSA-N","Sca116174"
"609","ITA4","YAUSGTWYQGTRDL-OALUTQOASA-N","Sca77872"
"610","ITA4","AZWIIFCIAADKFM-PMACEKPBSA-N","Sca92681"
"611","ITA4","KXZVOFJZEJPONQ-BQSWYOCVSA-N","Sca99082"
"612","ITA4","JZVURHUDNORTIE-NYMACZPPSA-N","Sca117393"
"613","ITA4","SFDMPCQUNHHBRT-WUFINQPMSA-N","Sca103751"
"614","ITA4","OOYFOUHICCOHRQ-CVLSMVSNSA-N","Sca120503"
"615","ITA4","XWFOQFNTOYPKSS-FQEVSTJZSA-N","Sca110624"
"616","ITA4","QWIJSVXVEPHLFX-IDPUZZCCSA-N","Sca99077"
"617","ITA4","ZPNLLELWSXAWRB-RBZQAINGSA-N","Sca159922"
"618","ITA4","ZPNLLELWSXAWRB-RBZQAINGSA-N","Sca159996"
"619","ITA4","VWDASDWMYRCPOB-KYJUHHDHSA-N","Sca103740"
"620","ITA4","WQKGOLGYPXZSSX-QFIPXVFZSA-N","Sca110623"
"621","ITA4","OIMQYWATTYNADK-OXIOLLRCSA-N","Sca120505"
"622","ITA4","MUAVLVQNZMLEAP-ICTDUYRTSA-N","Sca146192"
"623","ITA4","XFVTZTQCGZVSDX-PMACEKPBSA-N","Sca92681"
"624","ITA4","BOZBYFDEPITTPF-KYJUHHDHSA-N","Sca103726"
"625","ITA4","GLJNHEQKGADNBQ-VXKWHMMOSA-N","Sca11800"
"626","ITA4","XUKMLGOSDAVWPM-DQEYMECFSA-N","Sca103737"
"627","ITA4","VSPGOHCWYWVAIX-NRFANRHFSA-N","Sca110623"
"628","ITA4","DOJRXKAOYCDVRA-VXKWHMMOSA-N","Sca92681"
"629","ITA4","AGLXNRRKSIENTD-KRWDZBQOSA-N","Sca110624"
"630","ITA4","MYVWWHHYGXPOOR-QFIPXVFZSA-N","Sca110623"
"631","ITA4","ZRZRMFPBYJFMQN-BPARTEKVSA-N","Sca110623"
"632","ITA4","BTGVFQXCQFVKOT-FQEVSTJZSA-N","Sca110624"
"633","ITA4","FPQBJCFWZGCTHD-KYJUHHDHSA-N","Sca103726"
"634","ITA4","DJDNQYHILBKCSK-OALUTQOASA-N","Sca92681"
"635","ITA4","PQAJPRNIUFHIOE-QFIPXVFZSA-N","Sca110623"
"636","ITA4","GAMPPXBDIFOQMZ-VMPREFPWSA-N","Sca103726"
"637","ITA4","ALXNISHJJRZATF-YTMVLYRLSA-N","Sca103726"
"638","ITA4","TZXKLMVMNJVFHX-SVBPBHIXSA-N","Sca103738"
"639","ITA4","OIQZAMZTLHTQQB-MDNUFGMLSA-N","Sca160063"
"640","ITA4","QYLBKXAXCZCWNI-UIOOFZCWSA-N","Sca103733"
"641","ITA4","DWWRBBBYJCGWGH-YNJKOYDBSA-N","Sca117385"
"642","ITA4","MOLSBIJQBRSJQZ-MHZHKKNFSA-N","Sca117391"
"643","ITA4","RPYHKNXKWKZJCZ-YCKQIAHZSA-N","Sca120511"
"644","ITA4","QEPXZBPJIPFLAZ-OALUTQOASA-N","Sca92681"
"645","ITA4","RIGBAGKCAINEEX-UHFFFAOYSA-N","Sca117391"
"646","ITA4","IDUJCWSNHNVWRK-SLTKKEMYSA-N","Sca146179"
"647","ITA4","GZKJUWNVJUCJGE-IBGZPJMESA-N","Sca110624"
"648","ITA4","JRYRCJCRZSYGMZ-QHCPKHFHSA-N","Sca110623"
"649","ITA4","KXDHHOHONIXTFW-SVBPBHIXSA-N","Sca103736"
"650","ITA4","UIGJZBBMXXMIRM-SFTDATJTSA-N","Sca92681"
"651","ITA4","WIBDJDYXWICGSX-SFTDATJTSA-N","Sca92681"
"652","ITA4","ZVYKWIXTSCOLQS-NYMACZPPSA-N","Sca117385"
"653","ITA4","IXKJOSLEQCGVAX-SFTDATJTSA-N","Sca92681"
"654","ITA4","CTRIJHIVZHRDHX-INAZGPRKSA-N","Sca116174"
"655","ITA4","WRDAJCAOSGLLQW-SFTDATJTSA-N","Sca92681"
"656","ITA4","WSLYGTJBLAWGMH-UPRLRBBYSA-N","Sca159990"
"657","ITA4","FQJKZZROWKIEKJ-QFIPXVFZSA-N","Sca110623"
"658","ITA4","FIDSZJIEJDCVCK-UIOOFZCWSA-N","Sca103742"
"659","ITA4","BXUFJUMJIGONEH-CPESWEKQSA-N","Sca146186"
"660","ITA4","FHRCPGGLVYYPQM-GOTSBHOMSA-N","Sca92681"
"661","ITA4","HYXDOLUWKMWHER-ROUUACIJSA-N","Sca92681"
"662","ITA4","VVZGYMGXVWZKDS-QHCPKHFHSA-N","Sca110623"
"663","ITA4","CFXNSLXHWYNOJM-YTMVLYRLSA-N","Sca103726"
"664","ITA4","JKNAIRNASBFJCR-JDXGNMNLSA-N","Sca103726"
"665","ITA4","KDGCHSNISWPLLL-RBZQAINGSA-N","Sca159922"
"666","ITA4","KDGCHSNISWPLLL-RBZQAINGSA-N","Sca159996"
"667","ITA4","WKOSSYRAWDMPBE-VMPREFPWSA-N","Sca103726"
"668","SFRP1","KHJCNXWNUWJMQA-UHFFFAOYSA-N","Sca120451"
"669","SFRP1","LXMVIRZQJKZCNH-SANMLTNESA-N","Sca120494"
"670","SFRP1","OFNCRSCSSBSRLH-QFIPXVFZSA-N","Sca120495"
"671","SFRP1","FCXCNDHEICKHMB-QHCPKHFHSA-N","Sca120495"
"672","SFRP1","KTXPWQMRCCXMLX-UHFFFAOYSA-N","Sca145921"
"673","SFRP1","PVSIUMMRWKXDQI-UHFFFAOYSA-N","Sca145923"
"674","SFRP1","ORINJDXPCRWIDA-UHFFFAOYSA-N","Sca126949"
"675","SFRP1","CUKVPVAQKUDUCX-FQEVSTJZSA-N","Sca120495"
"676","SFRP1","AFFKILKRCQTYFJ-QFIPXVFZSA-N","Sca120497"
"677","SFRP1","FCXCNDHEICKHMB-HSZRJFAPSA-N","Sca120495"
"678","SFRP1","OJSUGALSWDZDPW-UHFFFAOYSA-N","Sca120451"
"679","SFRP1","KFRQUJGHHZKEBM-NRFANRHFSA-N","Sca120495"
"680","SFRP1","SSUGDKOLNYAHSD-UHFFFAOYSA-N","Sca120451"
"681","SFRP1","IPZIECHJCHUYLR-UHFFFAOYSA-N","Sca120451"
"682","SFRP1","XVNXQYZVQVAWDS-SANMLTNESA-N","Sca120494"
"683","SFRP1","XFXVQPUPMFDVMJ-UHFFFAOYSA-N","Sca120451"
"684","SFRP1","RGUYWJIIGGMBKL-UHFFFAOYSA-N","Sca120451"
"685","SFRP1","NRLJWPWRBPODBR-VWLOTQADSA-N","Sca120495"
"686","SFRP1","ZMBNIOOXNAOASY-UHFFFAOYSA-N","Sca120451"
"687","SFRP1","JFLCMQLJIGPPDH-QHCPKHFHSA-N","Sca120495"
"688","SFRP1","CVIGLQTTWLTQEY-QHCPKHFHSA-N","Sca120495"
"689","SFRP1","JFPHZEPZNXSNSJ-QHCPKHFHSA-N","Sca120495"
"690","SFRP1","XIZVLGVGWZCHHV-QFIPXVFZSA-N","Sca120495"
"691","SFRP1","WAWYMBXODUTKBX-VWLOTQADSA-N","Sca120536"
"692","SFRP1","GMKQKEGOSSISFQ-MRXNPFEDSA-N","Sca145948"
"693","SFRP1","QEZJBOCRIJFLSU-IBGZPJMESA-N","Sca120500"
"694","SFRP1","AERQFFVIPCVLOX-UHFFFAOYSA-N","Sca145942"
"695","SFRP1","SCZIDLPYDKQSDR-QFIPXVFZSA-N","Sca120495"
"696","SFRP1","NXZLEGQRQRCEMR-UHFFFAOYSA-N","Sca120451"
"697","SFRP1","HRJIEWRZLGFGAR-UHFFFAOYSA-N","Sca120451"
"698","SFRP1","AELXQWOSRFXARF-UHFFFAOYSA-N","Sca120451"
"699","SFRP1","MLOSYDVMRNVHCU-UHFFFAOYSA-N","Sca120451"
"700","SFRP1","GMKQKEGOSSISFQ-INIZCTEOSA-N","Sca145948"
"701","SFRP1","CMBLTTQIISKVDF-UHFFFAOYSA-N","Sca145945"
"702","SFRP1","DZZDRRLIAVIQQC-UHFFFAOYSA-N","Sca120451"
"703","SFRP1","FCMPZNLRTQBTNK-UHFFFAOYSA-N","Sca120451"
"704","SFRP1","JXGZVPQNJLPIJI-UHFFFAOYSA-N","Sca145923"
"705","SFRP1","SDSTZLISEIZBEK-UHFFFAOYSA-N","Sca120451"
"706","SFRP1","IVGIETSLCFMRPI-QHCPKHFHSA-N","Sca120495"
"707","SFRP1","WNOXBWBWUOWWNS-DEOSSOPVSA-N","Sca120495"
"708","SFRP1","UEBXCNMAUOGYOC-UHFFFAOYSA-N","Sca120451"
"709","SFRP1","HOTXSNGAZNYULY-LJQANCHMSA-N","Sca145948"
"710","SFRP1","CUKVPVAQKUDUCX-HXUWFJFHSA-N","Sca120495"
"711","SFRP1","HOTXSNGAZNYULY-IBGZPJMESA-N","Sca145948"
"712","SFRP1","NXCMKECHBLCASW-UHFFFAOYSA-N","Sca120451"
"713","SFRP1","KRQSYJIYPLUQBO-UHFFFAOYSA-N","Sca145923"
"714","SFRP1","MBLSOEXVEPXAFY-UHFFFAOYSA-N","Sca145919"
"715","SFRP1","IXLRWKPASUYBNA-NDEPHWFRSA-N","Sca120494"
"716","SFRP1","QWHSQMJRLKQTCQ-MHZLTWQESA-N","Sca120494"
"717","SFRP1","BJYVJTMJQKDWCY-UHFFFAOYSA-N","Sca145939"
"718","SFRP1","PQBNFEISXDMHEA-UHFFFAOYSA-N","Sca126949"
"719","SFRP1","XFTABBDNRWFISL-UHFFFAOYSA-N","Sca145923"
"720","SFRP1","UEYJJECWJGJDKU-SANMLTNESA-N","Sca120494"
"721","SFRP1","RIBOGOWWMKNBLE-DEOSSOPVSA-N","Sca120557"
"722","SFRP1","UXNPRYKJQXSNLA-UHFFFAOYSA-N","Sca146013"
"723","SFRP1","KSXYQIJYFSNPEV-UHFFFAOYSA-N","Sca145945"
"724","ULA1","PGAMXUGSHMQFKD-BPAMBQHCSA-N","Sca204839"
"725","ULA1","PGAMXUGSHMQFKD-BPAMBQHCSA-N","Sca197763"
"726","ULA1","BGFQHCHLBHLYBO-UHFFFAOYSA-N","Sca78330"
"727","ULA1","AQGFWBQRVLPCIX-QXGSTGNESA-N","Sca215170"
"728","GDIR1","ZDUOPDTYYHIXSY-UHFFFAOYSA-N","Sca268444"
"729","GDIR1","UTVPCECSRXIEDH-UHFFFAOYSA-N","Sca268446"
"730","GDIR1","CUJPUWSIKWTBRS-UHFFFAOYSA-N","Sca268442"
"731","GDIR1","ODUYVHAFJTXMAF-UHFFFAOYSA-N","Sca268442"
"732","GDIR1","RTCFKJVSDGLJAM-UHFFFAOYSA-N","Sca268442"
"733","GDIR1","HWGXVQXOZZVGKP-UHFFFAOYSA-N","Sca268442"
"734","GRP78","DRKBZEJUOBNVRH-TXWYELBGSA-N","Sca257585"
"735","S22A2","FELGMEQIXOGIFQ-UHFFFAOYSA-N","Sca1077"
"736","ERG","PDLXDQOODGXTSQ-UHFFFAOYSA-N","Sca164466"
"737","FCGRN","CWOOKRFILFLASV-MTGNCUGXSA-N","Sca151225"
"738","FCGRN","AJONUWHGRIXLLX-SCOIVGQKSA-N","Sca122568"
"739","FCGRN","WYKYRXRDTYKWKS-MDOMHRAVSA-N","Sca122713"
"740","FCGRN","LKBLHJOWLIGXFE-VVYPNXECSA-N","Sca151291"
"741","FCGRN","FOVBJJGWGDWTDE-YLCXNRQGSA-N","Sca122518"
"742","FCGRN","KDMOSSJUYPQAQO-WXMHCLMHSA-N","Sca151112"
"743","FCGRN","AWJZCTWSNSTNSL-XEHZEODUSA-N","Sca151164"
"744","FCGRN","YNUAWVMAHNXUNN-LEXWUHMVSA-N","Sca122709"
"745","FCGRN","FYNRYPLZXPBKDJ-MRJVFGEUSA-N","Sca151258"
"746","FCGRN","SCSQJZGLKUSLQN-DDYKXYLHSA-N","Sca151269"
"747","FCGRN","LXQNZMOUNDTJSQ-DDYKXYLHSA-N","Sca151236"
"748","FCGRN","XVQSPNCSNCKCMI-PCQLJHSASA-N","Sca151094"
"749","FCGRN","UAGKVIDRFRKEDI-XIVIGCOOSA-N","Sca213701"
"750","FCGRN","GFFSZUTYGTVFIJ-SJGHIIINSA-N","Sca122558"
"751","FCGRN","JEIMZUGCWUMMDE-IOHXCNKMSA-N","Sca151188"
"752","FCGRN","YAVIMENCSPKIEW-CEQWYFBNSA-N","Sca151151"
"753","FCGRN","YUSUJMUGYDVKGK-XLCKGBBFSA-N","Sca151214"
"754","FCGRN","RGGXRDUKCFGKPM-QZEYALEASA-N","Sca213712"
"755","FCGRN","BFRWCVKBSPHHQE-QZVFHPQMSA-N","Sca151201"
"756","FCGRN","GKJCQNBXNUROBJ-MOZDKIGJSA-N","Sca122567"
"757","FCGRN","XJMSSJXEWKKJAD-UBJADOFFSA-N","Sca151280"
"758","FCGRN","GKCNAQLLJFDJQV-FSXZOGRCSA-N","Sca151302"
"759","FCGRN","VQKDVUMXEKQBRJ-BHTBMSJOSA-N","Sca151080"
"760","FCGRN","DFZNYFWFCYPCIR-RTUTXIKTSA-N","Sca151100"
"761","FCGRN","FWVGXRFGTDNWQB-NBXYRGRJSA-N","Sca122731"
"762","FCGRN","PVIYYNJGDLWYSH-YUZQCPTASA-N","Sca151247"
"763","FCGRN","SESMHPMBBHAZKM-PUBHSFPPSA-N","Sca122557"
"764","FCGRN","YKZSQGCXTZLZOS-DSRPWJRPSA-N","Sca151269"
"765","FCGRN","OOPGUWBDBVXBMU-MCJNUYKLSA-N","Sca151313"
"766","FCGRN","VAIDAYMHHSPUQQ-YKLLJAJXSA-N","Sca151280"
"767","FCGRN","ISEDOUIWHCJEGY-MDOMHRAVSA-N","Sca122727"
"768","FCGR1","NIJWTRSAOSNCDN-UHFFFAOYSA-N","Sca221345"
"769","RB","CFJGSVKNNIFWEA-PDGQHHTCSA-N","Sca105581"
"770","RB","CUISPPCDYZFGCY-ZDLGFXPLSA-N","Sca121318"
"771","RB","WYFUXDSMNLVNEA-YVLHZVERSA-N","Sca121463"
"772","OXDA","GBKJBLSNEGIWJA-UHFFFAOYSA-N","Sca262070"
"773","OXDA","QIRLDCUTLAYUPK-UHFFFAOYSA-N","Sca262070"
"774","OXDA","KSJRGIGUGWMMBD-UHFFFAOYSA-N","Sca262070"
"775","OXDA","OYDQAHODYSAGRS-UHFFFAOYSA-N","Sca262070"
"776","OXDA","BIISEZMDGZUJAP-UHFFFAOYSA-N","Sca262070"
"777","OXDA","LDUUJPGOLSYLJZ-UHFFFAOYSA-N","Sca262070"
"778","OXDA","NUAPWTCTHSYDCT-UHFFFAOYSA-N","Sca262070"
"779","OXDA","KHESVTNQVXIVSP-UHFFFAOYSA-N","Sca508"
"780","OXDA","YXOSTLAVOGHKTR-UHFFFAOYSA-N","Sca262070"
"781","OXDA","QIYXDLCDMZKCFU-UHFFFAOYSA-N","Sca262070"
"782","OXDA","IGGLKXPOEWPXLI-UHFFFAOYSA-N","Sca508"
"783","OXDA","MJSHZASASKWUBV-UHFFFAOYSA-N","Sca262070"
"784","OXDA","RRZQDCABUJVEJJ-UHFFFAOYSA-N","Sca262070"
"785","OXDA","JSSMKIDTDSEMER-UHFFFAOYSA-N","Sca508"
"786","OXDA","IUSQWHSWMLHBQZ-UHFFFAOYSA-N","Sca508"
"787","OXDA","AJMZFXUDUORRMI-UHFFFAOYSA-N","Sca508"
"788","OXDA","ICZHAIHQUGBMCM-UHFFFAOYSA-N","Sca262070"
"789","OXDA","LYQFMMLJFDMKCI-UHFFFAOYSA-N","Sca262070"
"790","OXDA","CUCMYHOPTSUPIM-UHFFFAOYSA-N","Sca117270"
"791","OXDA","DIYWXPZODYIZLJ-UHFFFAOYSA-N","Sca262070"
"792","OXDA","HOVLWGFSEOFXSR-UHFFFAOYSA-N","Sca508"
"793","OXDA","MUCACKKEJRKRBG-UHFFFAOYSA-N","Sca262070"
"794","OXDA","VIODUIIIMLVXNB-UHFFFAOYSA-N","Sca262070"
"795","OXDA","TURWYTUDTSBMSL-UHFFFAOYSA-N","Sca508"
"796","OXDA","PJPIHIBAZHQMCG-UHFFFAOYSA-N","Sca508"
"797","OXDA","UEFIHGXLZYYIFA-UHFFFAOYSA-N","Sca262086"
"798","OXDA","KTIWGVJMSYYSIS-UHFFFAOYSA-N","Sca262070"
"799","OXDA","WFRTVSXKGTWLRN-UHFFFAOYSA-N","Sca508"
"800","OXDA","HJYQKYBNZIVPKM-UHFFFAOYSA-N","Sca262070"
"801","OXDA","DUQTWXDVDOGMRC-UHFFFAOYSA-N","Sca262070"
"802","OXDA","ASIKUSSKCRFBKC-UHFFFAOYSA-N","Sca262070"
"803","OXDA","JDNFPNLOARNYPO-UHFFFAOYSA-N","Sca262070"
"804","OXDA","VDZXOEURMDIDAM-UHFFFAOYSA-N","Sca262070"
"805","OXDA","IYFCASTUNCGVQJ-UHFFFAOYSA-N","Sca262070"
"806","BIRC8","KMHMGJITTBRABL-AWDZXFJFSA-N","Sca123772"
"807","BIRC8","YBYZHVZWINISJO-XPSCAIQQSA-N","Sca123771"
"808","BIRC8","IYOZNYWYRADTNN-CTZQYXLCSA-N","Sca123772"
"809","BIRC8","KWCRPDVMOUTMME-XPSCAIQQSA-N","Sca123771"
"810","BIRC8","LTSMFEKJLOPVQW-UQAQOTMJSA-N","Sca123772"
"811","BIRC8","XBTLZUHJBOBKRG-HCUBDLJJSA-N","Sca116003"
"812","DNPH1","HTIIEYWQBQEJFZ-KREFBHGWSA-N","Sca246023"
"813","DNPH1","HHJQAMYPGXZTHK-VBCUVWSKSA-N","Sca246306"
"814","DNPH1","WPJAMTFEQHCMLU-HALQFCHDSA-N","Sca246302"
"815","TLR4","WXOAKWCJLAFUHM-QNVZYURYSA-N","Sca250771"
"816","TLR4","HWHNPTUQTILZGI-SVPADUAOSA-N","Sca240620"
"817","TLR4","BAZJQRVHCZIBNP-SVPADUAOSA-N","Sca240616"
"818","TLR4","HZVNAUFWUKDUCD-ZARRYTOOSA-N","Sca240616"
"819","TLR4","JQBYQJNFXRPUGN-SVPADUAOSA-N","Sca240620"
"820","TLR4","XJOKZFREXUVZMO-SVPADUAOSA-N","Sca240616"
"821","TLR4","CFBFKWASJNXJAE-BIATYSSJSA-N","Sca240620"
"822","TLR4","JCDZPRLIAKNTCX-UHFFFAOYSA-N","Sca1721"
"823","TLR4","KRGQXYUNTMKLCT-BIATYSSJSA-N","Sca240620"
"824","TLR4","MHGBBRCVUIBXAI-AHCIIZGASA-N","Sca240715"
"825","TLR4","ASSXLIYUENVYMQ-AHCIIZGASA-N","Sca240616"
"826","TLR4","YRRDUQFXVMZGAD-BIATYSSJSA-N","Sca240620"
"827","TLR4","DZOOVERCMBDRSR-QNNMRZDFSA-N","Sca250771"
"828","TLR4","SNCDHXTYESQSND-KAHCWPQKSA-N","Sca240719"
"829","TLR2","UNILWMWFPHPYOR-KXEYIPSPSA-N","Sca85742"
"830","GIP","CWPADRJBQLPUCB-MCZWQBSQSA-N","Sca110799"
"831","STA5B","AMYVQFXKGYPZLQ-UHFFFAOYSA-N","Sca130702"
"832","STA5B","AMYVQFXKGYPZLQ-UHFFFAOYSA-N","Sca235339"
"833","STA5A","BZSUCLDZAQTFQJ-MSOLQXFVSA-N","Sca137953"
"834","STA5A","PDOQBOJDRPLBQU-QMMMGPOBSA-N","Sca123583"
"835","LEF1","BEGZPRLTLFWYBR-UHFFFAOYSA-N","Sca238769"
"836","OGA","DRHXTSWSUAJOJZ-FMDGEEDCSA-N","Sca104999"
"837","OGA","KKXBBIBSXXTEOZ-FMDGEEDCSA-N","Sca161018"
"838","OGA","QWOPEBCGKASVQP-QXOHVQIXSA-N","Sca104999"
"839","OGA","PBLNJFVQMUMOJY-JIJAQUFFSA-N","Sca24218"
"840","OGA","PPAIMZHKIXDJRN-FMDGEEDCSA-N","Sca158530"
"841","KIFC1","JBGPTABXBVOSBM-UBUADSEMSA-N","Sca35094"
"842","KIFC1","PKJCNVBPDXZMDO-UHFFFAOYSA-N","Sca249999"
"843","KIFC1","PMTLKNOARSHUJB-ZJSXRUAMSA-N","Sca250001"
"844","KIFC1","JBGPTABXBVOSBM-OUSLXHSISA-N","Sca35094"
"845","F261","JTNMHAMHIYAFAI-FQEVSTJZSA-N","Sca150974"
"846","F261","VXVMWRWEKHARRO-QFIPXVFZSA-N","Sca254875"
"847","F261","ZHZRYPWKMPTDMQ-SANMLTNESA-N","Sca254867"
"848","F261","VTMZMKMCPQYOPV-QFIPXVFZSA-N","Sca254565"
"849","F263","KFEALFUIWDTBKJ-QHCPKHFHSA-N","Sca70093"
"850","F263","AZGKYEZKYHOKCB-FQEVSTJZSA-N","Sca49616"
"851","F263","NRMHBCGGABGTIL-FQEVSTJZSA-N","Sca49616"
"852","F263","WBKFBMOXKGKWEK-UHFFFAOYSA-N","Sca254878"
"853","F263","OOGHGWKBJXQNEJ-QFIPXVFZSA-N","Sca49616"
"854","F263","NDIKFKQBWGMLCA-DEOSSOPVSA-N","Sca254872"
"855","F263","YRJNEDUGTKEQSO-DEOSSOPVSA-N","Sca254865"
"856","F263","RVTAACJVJXEMFR-UHFFFAOYSA-N","Sca49616"
"857","F263","VXVMWRWEKHARRO-QFIPXVFZSA-N","Sca254875"
"858","F263","MGWKYNYHWPBCHJ-VWLOTQADSA-N","Sca254858"
"859","F263","VJDXFFBSNLNWJD-QFIPXVFZSA-N","Sca254560"
"860","F263","JTIOFEOXCFFWJI-QFIPXVFZSA-N","Sca254560"
"861","F263","NEVWOSYUONZQPN-IBGZPJMESA-N","Sca49616"
"862","F263","LXYZIFXILNIABT-QFIPXVFZSA-N","Sca5850"
"863","F263","UUCVHXXJITYQAQ-FQEVSTJZSA-N","Sca49616"
"864","F263","ZHZRYPWKMPTDMQ-SANMLTNESA-N","Sca254867"
"865","F263","OIUUHNYUJDUUHX-DEOSSOPVSA-N","Sca254863"
"866","F263","JTNMHAMHIYAFAI-FQEVSTJZSA-N","Sca150974"
"867","F263","PCYHYEFBTFIIEK-QFIPXVFZSA-N","Sca49616"
"868","F263","UCZWHTSRFTVJRI-QHCPKHFHSA-N","Sca139235"
"869","F262","MGWKYNYHWPBCHJ-VWLOTQADSA-N","Sca254858"
"870","F262","YRJNEDUGTKEQSO-DEOSSOPVSA-N","Sca254865"
"871","F262","VXVMWRWEKHARRO-QFIPXVFZSA-N","Sca254875"
"872","F262","JTNMHAMHIYAFAI-FQEVSTJZSA-N","Sca150974"
"873","F262","JTIOFEOXCFFWJI-QFIPXVFZSA-N","Sca254560"
"874","F262","UCZWHTSRFTVJRI-QHCPKHFHSA-N","Sca139235"
"875","F262","OOGHGWKBJXQNEJ-QFIPXVFZSA-N","Sca49616"
"876","F262","LXYZIFXILNIABT-QFIPXVFZSA-N","Sca5850"
"877","F262","NDIKFKQBWGMLCA-DEOSSOPVSA-N","Sca254872"
"878","F262","OIUUHNYUJDUUHX-DEOSSOPVSA-N","Sca254863"
"879","F262","ZHZRYPWKMPTDMQ-SANMLTNESA-N","Sca254867"
"880","PARG","BKXBQQKGSRLELP-WDBPGAOMSA-N","Sca52668"
"881","3MG","GIXWDMTZECRIJT-UHFFFAOYSA-N","Sca67168"
"882","CTNB1","IMVAHFIQCOJFIE-UHFFFAOYSA-N","Sca259030"
"883","PANK1","UNCZUEUPSJKHGB-UHFFFAOYSA-N","Sca166811"
"884","PANK1","DRDDXWWETZGQET-UHFFFAOYSA-N","Sca166811"
"885","PANK1","PHJLFHTWJJRSCL-UHFFFAOYSA-N","Sca166811"
"886","PANK1","QWICXMPYKJTDMV-UHFFFAOYSA-N","Sca166811"
"887","PANK1","RKBKSBWJKXNNQO-UHFFFAOYSA-N","Sca166811"
"888","PANK1","KPXWSWUCPABRIS-UHFFFAOYSA-N","Sca166811"
"889","PANK1","PNJFFNSNXGGCFS-UHFFFAOYSA-N","Sca166811"
"890","PANK3","RJPJWKKLUKHOTG-UHFFFAOYSA-N","Sca68831"
"891","PANK3","QWICXMPYKJTDMV-UHFFFAOYSA-N","Sca166811"
"892","PANK3","RKBKSBWJKXNNQO-UHFFFAOYSA-N","Sca166811"
"893","PANK3","KPXWSWUCPABRIS-UHFFFAOYSA-N","Sca166811"
"894","PANK3","UNCZUEUPSJKHGB-UHFFFAOYSA-N","Sca166811"
"895","PANK2","UNCZUEUPSJKHGB-UHFFFAOYSA-N","Sca166811"
"896","HGF","MYPQPZOTEGVVQY-UHFFFAOYSA-N","Sca115186"
"897","HGF","ONSZEUCTVQJHOZ-UHFFFAOYSA-N","Sca115199"
"898","HGF","IKPJWGNTDNCFPS-UHFFFAOYSA-N","Sca115187"
"899","HGF","UVNDVSUMHWZESZ-UHFFFAOYSA-N","Sca115218"
"900","ABCBB","HYAFETHFCAUJAY-UHFFFAOYSA-N","Sca562"
"901","MRGX1","GOEYECACIBFJGZ-NPAGUKBMSA-N","Sca112910"
"902","MRGX1","IFWGJAXMPXZADJ-UHFFFAOYSA-N","Sca121005"
"903","MRGX1","AHWHUDJTTAKVFD-UHFFFAOYSA-N","Sca181056"
"904","MRGX1","XBBNZGWNCBWFDK-LKUDQCMESA-N","Sca247644"
"905","MDM4","OLXCWWYOMPHPKD-SLGGZZICSA-N","Sca45940"
"906","MDM4","GNOKPPBYNVBVAK-UNAWLWNYSA-N","Sca179191"
"907","MDM4","ZNRVSPZJPHWGPJ-YIRXGZCTSA-N","Sca179192"
"908","MDM4","GRFZNWPXNWLSQU-SEYRRILQSA-N","Sca45940"
"909","MDM4","IWIUNJXEPOJENS-DTOIXECGSA-N","Sca45940"
"910","MDM4","DNNRLXNYLTYSJN-VHAXCVKWSA-N","Sca179191"
"911","MDM4","GGDQBGDHZZBTNG-CBIKVEOWSA-N","Sca179182"
"912","MDM4","OUYGZUBALGKPPD-PPISHHLESA-N","Sca179192"
"913","MDM4","QAXJIYGVPJNQKL-BUWQGHJSSA-N","Sca5112"
"914","MDM4","VNNWJAVPNJUCCJ-JFKDMOTFSA-N","Sca179174"
"915","MDM4","PCMBDJSSGNXABW-UHFFFAOYSA-N","Sca171870"
"916","MDM4","GLLJROCIIOPSCB-MQEOCOHRSA-N","Sca45940"
"917","MDM4","ZFYQBPVMECJUBO-GXHLCREISA-N","Sca171868"
"918","MDM4","DUNRBPPAHJWCFO-SLGGZZICSA-N","Sca45940"
"919","MDM4","CIZKJZBRRSGRND-UHFFFAOYSA-N","Sca171870"
"920","MDM4","XFJJAXOQAYVJJR-OLECBNHVSA-N","Sca45940"
"921","MDM4","AUKHLGHUBGRGON-UHFFFAOYSA-N","Sca171870"
"922","MDM4","BZEOPCATSFOUGA-NCIQRGHISA-N","Sca179191"
"923","MDM4","RNDNPIFFEKEHQE-XEJBFJIASA-N","Sca179182"
"924","MDM4","JGYFUCWCVSJYBD-VSVLFDTBSA-N","Sca179192"
"925","S47A1","FELGMEQIXOGIFQ-UHFFFAOYSA-N","Sca1077"
"926","HGFA","LEMRRMFCXFRTIF-OAQYLSRUSA-N","Sca252830"
"927","SHIP2","RFZPGNRLOKVZJY-AWEZNQCLSA-N","Sca14610"
