ProtClass,Target,Molecule,ScaID
Other cytosolic protein,GRP1,SIWILCBNYOGJQH-LDADJPATSA-N,Sca150
Other cytosolic protein,GRP1,FKPDQMIETMHJBH-UDWIEESQSA-N,Sca150
Other cytosolic protein,GRP1,DDBJOZVQHUZKJJ-CPNJWEJPSA-N,Sca150
Other cytosolic protein,GRP1,YHESSERBDSKRDZ-DEDYPNTBSA-N,Sca150
Other cytosolic protein,GRP1,ZETICKHKBWHSEB-DEDYPNTBSA-N,Sca150
Other cytosolic protein,GRP3,KPFIRSWIEJGVNZ-DDKMFYJYSA-N,Sca50283
Other cytosolic protein,GRP3,FKPDQMIETMHJBH-UDWIEESQSA-N,Sca150
Other cytosolic protein,GRP3,ZETICKHKBWHSEB-DEDYPNTBSA-N,Sca150
Other cytosolic protein,GRP3,SIWILCBNYOGJQH-LDADJPATSA-N,Sca150
Other cytosolic protein,GRP3,YHESSERBDSKRDZ-DEDYPNTBSA-N,Sca150
Other cytosolic protein,GRP3,DDBJOZVQHUZKJJ-CPNJWEJPSA-N,Sca150
Other cytosolic protein,SERPH,UKJVTPVEQLXYPI-WJLJJOJOSA-N,Sca156318
Other cytosolic protein,SERPH,WPPHUOBXUDNCMS-FLILSOCVSA-N,Sca220725
Other cytosolic protein,SERPH,JGQRJSNHMPUKAI-MHZWONBLSA-N,Sca156307
Other cytosolic protein,SERPH,JGQRJSNHMPUKAI-MHZWONBLSA-N,Sca156356
Other cytosolic protein,SERPH,UZKBDYAMYHNHFF-XQKNLMOFSA-N,Sca156327
Other cytosolic protein,SERPH,UZKBDYAMYHNHFF-XQKNLMOFSA-N,Sca156335
Other cytosolic protein,SERPH,KAXYPGFLTITRQB-ZCYNLIDDSA-N,Sca156318
Other cytosolic protein,NFKB1,DAPAQENNNINUPW-IDAMAFBJSA-N,Sca96067
Other cytosolic protein,NFKB1,DAPAQENNNINUPW-IDAMAFBJSA-N,Sca96071
Other cytosolic protein,IKBA,VTMJBTAZUZNDBS-UHFFFAOYSA-N,Sca419
Other cytosolic protein,IKBA,CELCJNIQYYQLHB-UHFFFAOYSA-N,Sca108614
Other cytosolic protein,IKBA,KYPLTYNYSYVGGA-UHFFFAOYSA-N,Sca108614
Surface antigen,CD2,BGEODEFTZLGQFL-GITVPZJDSA-N,Sca206853
Surface antigen,CD2,ALUCMQJOGUZADG-ZKRJLDCNSA-N,Sca206849
Surface antigen,CD22,RHNNBOLUOGPAJV-CYOLFESQSA-N,Sca124090
Surface antigen,CD22,SUDAYRLDSUECQH-GFYPMFDPSA-N,Sca124101
Surface antigen,CD22,QATDWUKLFZZIKB-GFYPMFDPSA-N,Sca124101
Surface antigen,CD22,YIBLAKJMSSTZDU-GFYPMFDPSA-N,Sca124101
Surface antigen,CD22,OTRZIYCZOYEUAW-ZSGSMGMISA-N,Sca124093
Surface antigen,CD22,BDPYJKQBNAKWGP-KBOYKCPCSA-N,Sca124096
Surface antigen,CD22,VGZLWCUFGWIUKE-KXOIUKADSA-N,Sca143031
Surface antigen,CD22,OYVPUTMZTUBFKJ-ARQUEJKBSA-N,Sca124094
"Immunoglobulin superfamily, SIGLEC (sialic acid binding Ig-like lectin) family",CD22,RHNNBOLUOGPAJV-CYOLFESQSA-N,Sca124090
"Immunoglobulin superfamily, SIGLEC (sialic acid binding Ig-like lectin) family",CD22,SUDAYRLDSUECQH-GFYPMFDPSA-N,Sca124101
"Immunoglobulin superfamily, SIGLEC (sialic acid binding Ig-like lectin) family",CD22,QATDWUKLFZZIKB-GFYPMFDPSA-N,Sca124101
"Immunoglobulin superfamily, SIGLEC (sialic acid binding Ig-like lectin) family",CD22,YIBLAKJMSSTZDU-GFYPMFDPSA-N,Sca124101
"Immunoglobulin superfamily, SIGLEC (sialic acid binding Ig-like lectin) family",CD22,OTRZIYCZOYEUAW-ZSGSMGMISA-N,Sca124093
"Immunoglobulin superfamily, SIGLEC (sialic acid binding Ig-like lectin) family",CD22,BDPYJKQBNAKWGP-KBOYKCPCSA-N,Sca124096
"Immunoglobulin superfamily, SIGLEC (sialic acid binding Ig-like lectin) family",CD22,VGZLWCUFGWIUKE-KXOIUKADSA-N,Sca143031
"Immunoglobulin superfamily, SIGLEC (sialic acid binding Ig-like lectin) family",CD22,OYVPUTMZTUBFKJ-ARQUEJKBSA-N,Sca124094
LanC-like protein family,LANC2,LTFJVAGATJTPPP-UQIVLYAPSA-N,Sca4612
Secreted protein,APEL,SVWSKJCJNAIKNH-MJZUAXFLSA-N,Sca105872
Secreted protein,APEL,SEZVZMIKECAWEG-JXWNBHMPSA-N,Sca239224
Secreted protein,APEL,ZTLIYGFATXKANY-NARBMPSYSA-N,Sca239231
Secreted protein,APEL,LNRBDCYFRSEYCN-WLTNIFSVSA-O,Sca239235
Secreted protein,APEL,XXAJFHKETAFVCS-GPPUWUEZSA-N,Sca239239
Secreted protein,APEL,GDVCCXXQASCRNH-XWQGWOARSA-O,Sca239242
Secreted protein,APEL,KUDFPXVGQHWSJN-NTGUUYCISA-O,Sca239224
Secreted protein,APEL,IMFTXRURRZOOOT-GKBSYGSLSA-O,Sca239236
Secreted protein,APEL,DNZNOYVGGKZKRX-WLTNIFSVSA-N,Sca248155
Secreted protein,APEL,ANLBZWZSJVURRX-WLTNIFSVSA-O,Sca239246
Secreted protein,APEL,FIPCFBQOWIGQCK-CFXCWSAJSA-N,Sca239235
Secreted protein,APEL,AHTOMUMOXQTHCH-NARBMPSYSA-N,Sca239249
Secreted protein,APEL,JGZCVJGERBCVAW-UDAPDHLFSA-N,Sca239244
Secreted protein,PDGFA,OJFKUJDRGJSAQB-UHFFFAOYSA-N,Sca234549
Secreted protein,PDGFB,OJFKUJDRGJSAQB-UHFFFAOYSA-N,Sca234549
Secreted protein,IL2,VNZHOIDQBPFEJU-OAQYLSRUSA-N,Sca30526
Secreted protein,CO3,JSPKWLRQUPIDRS-NWJDZPOUSA-N,Sca68747
Secreted protein,CO3,WGQRWXBFHFOWBH-SORWEXASSA-N,Sca68626
Secreted protein,CO3,OCTUQYZUSWCCJV-NWJDZPOUSA-N,Sca68747
Secreted protein,CO3,ZTPZPGGQKAOPSL-ULRAUGTQSA-N,Sca37540
Secreted protein,CO3,XGCKHIOYCGKJPR-BJLIEENSSA-N,Sca29396
Secreted protein,CO3,BFGQANAKHJAOQY-UZUHPOSNSA-N,Sca68768
Secreted protein,CO3,BZCORVKMPCMYEF-STXTTYQKSA-N,Sca37540
Secreted protein,CO3,KSDNMEGNCSHTNC-MZUDAGKNSA-N,Sca37540
Secreted protein,CO3,ONZALKRWJBRGHJ-VJHZTZQRSA-N,Sca37540
Secreted protein,VEGFA,OLXQPAZGLQOODL-IKZWPYSWSA-N,Sca198736
Secreted protein,VEGFA,SHSVXUUTGUMFAP-YUYZBOOHSA-N,Sca198736
Secreted protein,VEGFA,HTKROCJPURXVPK-XQEOLWBSSA-N,Sca198736
Secreted protein,VEGFA,SHSVXUUTGUMFAP-UOZKOTSUSA-N,Sca198736
Secreted protein,IL8,RJQUTNJNKSGMHW-UHFFFAOYSA-N,Sca7
Secreted protein,IL8,JSJQNYIFLKCXRE-UHFFFAOYSA-N,Sca7
Secreted protein,IL8,DKYWVDODHFEZIM-LLVKDONJSA-N,Sca7
Secreted protein,IL8,BHTKZBRKFXIRTQ-UHFFFAOYSA-N,Sca833
Secreted protein,IL8,GZRAEWKMFPWXNW-UHFFFAOYSA-N,Sca7
Secreted protein,IL8,YUOKWIGKXGRGFG-UHFFFAOYSA-N,Sca7
Secreted protein,IL8,UWYFNSWZGGGISG-UHFFFAOYSA-N,Sca7
Secreted protein,IL8,ZNEWAVGEUAWOBQ-UHFFFAOYSA-N,Sca7
Secreted protein,IL8,UPSPUYADGBWSHF-UHFFFAOYSA-N,Sca96
Secreted protein,IL8,JFKGYWDDZQSVLS-UHFFFAOYSA-N,Sca7
Secreted protein,IL8,QKZXQNPQDHXWTI-UHFFFAOYSA-N,Sca7
Secreted protein,IL8,CGIGDMFJXJATDK-UHFFFAOYSA-N,Sca150
Secreted protein,IL8,SGDMCGKLCOGZJM-UHFFFAOYSA-N,Sca7
Secreted protein,IL8,RXRLPBIKRNGLJD-UHFFFAOYSA-N,Sca7
Secreted protein,IL8,DWKOQWOOVUATNI-UHFFFAOYSA-N,Sca7
Secreted protein,IL8,DCOPUUMXTXDBNB-UHFFFAOYSA-N,Sca7
Secreted protein,IL8,SYANOAWCBFRXNL-UHFFFAOYSA-N,Sca7
Secreted protein,IL8,LAVKHAMQQVBXLL-UHFFFAOYSA-N,Sca7
Secreted protein,TNFA,OQYZIYPFVVFPRU-GDLZYMKVSA-N,Sca264383
Secreted protein,TNFA,WOLQHVZEGNOPMB-WJOKGBTCSA-N,Sca163817
Secreted protein,TNFA,OMAZILQNKVQPEO-HSZRJFAPSA-N,Sca163818
Secreted protein,TNFA,RGMDTCMAVVGYIV-OAQYLSRUSA-N,Sca150079
Secreted protein,TNFA,FMOVYXGCLYORLQ-HXUWFJFHSA-N,Sca150079
Secreted protein,TNFA,WRRSXVWQBFKQBS-SSEXGKCCSA-N,Sca163870
Secreted protein,TNFA,LYGXFMJLULPLBO-AREMUKBSSA-N,Sca264427
Secreted protein,TNFA,WNZOADFTOPLTQV-WJOKGBTCSA-N,Sca264425
Secreted protein,TNFA,HPEOJGLCIZIGJQ-CXMIBLNGSA-N,Sca264434
Secreted protein,TNFA,RSQDMFYFNPIIIT-SSEXGKCCSA-N,Sca163818
Secreted protein,TNFA,PHONOUNKMXTVTN-IQHZPMLTSA-N,Sca163818
Secreted protein,TNFA,OMKVYAUUSVBLPP-HHHXNRCGSA-N,Sca163807
Secreted protein,TNFA,JJTDVNDGNHAAAP-RUZDIDTESA-N,Sca163807
Secreted protein,TNFA,FTYGFTJCDYQDIT-MUUNZHRXSA-N,Sca163818
Secreted protein,TNFA,VEGCFYBYHUBMBE-HXUWFJFHSA-N,Sca150079
Secreted protein,TNFA,OXTWJLIPMPPOKM-XIYZBIRNSA-N,Sca163818
Secreted protein,TNFA,XKXVGWOVIODBRL-JOCHJYFZSA-N,Sca150079
Secreted protein,TNFA,JQKBKFPSZFKMLG-LMNIDFBRSA-N,Sca150079
Secreted protein,TNFA,DLTQLMLJNKCBBV-MUUNZHRXSA-N,Sca163818
Secreted protein,TNFA,ZCQRHPCSSGONHI-PIFIWZBESA-N,Sca265743
Secreted protein,TNFA,GGPXLHYDQPCFCQ-AREMUKBSSA-N,Sca163807
Secreted protein,TNFA,HANQVDCLBVUIGH-AREMUKBSSA-N,Sca264364
Secreted protein,TNFA,OCBISIUSASRRNI-HMKWYMSDSA-N,Sca163818
Secreted protein,TNFA,XWCQRCLFILIQQX-GBAZGAGXSA-N,Sca163818
Secreted protein,TNFA,ACOGEAXTLFMFSL-MUUNZHRXSA-N,Sca264407
Secreted protein,TNFA,FGJZSWDGDSXICO-RUZDIDTESA-N,Sca265741
Secreted protein,TNFA,XKHWVHRDDPYEIL-OAQYLSRUSA-N,Sca150079
Secreted protein,TNFA,SVGQYRXZFQAFIP-AREMUKBSSA-N,Sca163807
Secreted protein,TNFA,RSAOCRFROSNMIB-XMMPIXPASA-N,Sca163818
Secreted protein,TNFA,DCLSJRWOCDHCHG-XMMPIXPASA-N,Sca163818
Secreted protein,TNFA,NPJFEKTVEKKYHY-GDLZYMKVSA-N,Sca163818
Secreted protein,TNFA,BHYQQGWCRAFAQI-HHHXNRCGSA-N,Sca163807
Secreted protein,TNFA,QTTNAAKOASFNFL-OAQYLSRUSA-N,Sca150079
Secreted protein,TNFA,OAMXMFDXINASMJ-FQEVSTJZSA-N,Sca150079
Secreted protein,TNFA,BKKNBCQLEKOTQY-HHHXNRCGSA-N,Sca163807
Secreted protein,TNFA,VBUPEIGDURMZFH-DCWQJPKNSA-N,Sca265734
Secreted protein,TNFA,HJEQYNGQEIKJKU-HSZRJFAPSA-N,Sca163807
Secreted protein,TNFA,MTKNYTGDPXYECA-RUZDIDTESA-N,Sca163807
Secreted protein,TNFA,ZMXYWILPEQWXIY-NRFANRHFSA-N,Sca150079
Secreted protein,TNFA,ZSQVLSURZLUYJB-SSEXGKCCSA-N,Sca265722
Secreted protein,TNFA,AXMVMINLDAIJSJ-SSYAZFEXSA-N,Sca265765
Secreted protein,TNFA,LFLMYHYALFHVBP-XMMPIXPASA-N,Sca264357
Secreted protein,TNFA,YXXWEEAKJZRXJL-GJQLDDCUSA-N,Sca264434
Secreted protein,TNFA,JRFQESPJRPNADM-AREMUKBSSA-N,Sca264407
Secreted protein,TNFA,QDRLGYPSQXQAKG-ZWAGFTRDSA-N,Sca163818
Secreted protein,TNFA,FHWXPSSHZKKOPF-PSXMRANNSA-N,Sca164015
Secreted protein,TNFA,KCIXKFMCBFMZMS-ZWAGFTRDSA-N,Sca163807
Secreted protein,TNFA,KMOYCKBJTBAAON-HHHXNRCGSA-N,Sca264407
Secreted protein,TNFA,OFTHGWAFADRYEA-AVJYQCBHSA-N,Sca265812
Secreted protein,TNFA,RPPIDNCOXVAYRI-WUBHUQEYSA-N,Sca163818
Secreted protein,TNFA,RRQAZVHTWDKNLU-SGANQWHYSA-N,Sca264407
Secreted protein,TNFA,SPFZYFGGFOBYLL-HSZRJFAPSA-N,Sca264360
Secreted protein,TNFA,OXSAFTOGQDRQTH-HXUWFJFHSA-N,Sca150079
Secreted protein,TNFA,LKAXKNIZWUKZSQ-FYEOKJGGSA-N,Sca163817
Secreted protein,TNFA,JYAFYSVNZMUUKS-JOCHJYFZSA-N,Sca163977
Secreted protein,TNFA,VUPOFUMNCVYNKF-HSZRJFAPSA-N,Sca163818
Secreted protein,TNFA,PMXSSNJPHGKQIW-CXMIBLNGSA-N,Sca264434
Secreted protein,TNFA,WBNUPTOIIQAHFH-IQHZPMLTSA-N,Sca163807
Secreted protein,TNFA,YULZLMCWKDYBTR-CLJLJLNGSA-N,Sca265734
Secreted protein,TNFA,JXDSXUFGGQKQNQ-PGUFJCEWSA-N,Sca163870
Secreted protein,TNFA,PXHXILLZZLRNFG-OAHLLOKOSA-N,Sca1462
Secreted protein,TNFA,RIICPUAERNETRR-LTFVAXTNSA-N,Sca163818
Secreted protein,TNFA,GKEDTIQTQJSZAC-HSZRJFAPSA-N,Sca150079
Secreted protein,TNFA,CIMXKGKYBNXAKQ-HSZRJFAPSA-N,Sca150079
Secreted protein,TNFA,JHQDPOJGNRKTCM-UHFFFAOYSA-N,Sca163818
Secreted protein,TNFA,PLRQMLGGHVGNLG-IBGZPJMESA-N,Sca150079
Secreted protein,TNFA,ZLMBQXBPWAMCGZ-MUUNZHRXSA-N,Sca163976
Secreted protein,TNFA,VYWJLZPDNVYLSL-HSZRJFAPSA-N,Sca163807
Secreted protein,TNFA,STKXMBDDSALGPM-HSZRJFAPSA-N,Sca150079
Secreted protein,TNFA,UFDVOXPVFWMEPY-HSZRJFAPSA-N,Sca163807
Secreted protein,TNFA,BIGYRHJUKPILKR-KKLWWLSJSA-N,Sca265739
Secreted protein,TNFA,BIGYRHJUKPILKR-KKLWWLSJSA-N,Sca265737
Secreted protein,TNFA,XTIYAPBWPWJQGE-WJOKGBTCSA-N,Sca163870
Secreted protein,TNFA,APHLZAGMJQWDLY-MGBGTMOVSA-N,Sca163870
Secreted protein,TNFA,YBOJHJQUOKIBQQ-SSEXGKCCSA-N,Sca163870
Secreted protein,TNFA,HUYCTIMCXRMSCV-UHFFFAOYSA-N,Sca150079
Secreted protein,TNFA,QBPCTSZUDAHVBN-XMMPIXPASA-N,Sca150079
Secreted protein,TNFA,GHICPYYNSUEXJC-IBMMVDHNSA-N,Sca163818
Secreted protein,TNFA,LQDVPSDWUMXYTM-SSEXGKCCSA-N,Sca264459
Secreted protein,TNFA,GSNMAQWJDMMLEX-HHHXNRCGSA-N,Sca163807
Secreted protein,TNFA,LQBOVZZQRYSXMM-JGCGQSQUSA-N,Sca163817
Secreted protein,TNFA,RRQAZVHTWDKNLU-ODCWNRFASA-N,Sca264407
Secreted protein,TNFA,PPORCIFWDHCTSP-RUZDIDTESA-N,Sca163818
Secreted protein,TNFA,OVFYIUKIFLOISO-HXUWFJFHSA-N,Sca150079
Secreted protein,TNFA,IMPRTVZADIUKIF-LJQANCHMSA-N,Sca150079
Secreted protein,TNFA,JXUJWTDWBHFDPM-SSEXGKCCSA-N,Sca264392
Secreted protein,TNFA,YOUPVMZNCSLKQC-UUWRZZSWSA-N,Sca163870
Secreted protein,TNFA,VMUSYVTUICEWGF-XMMISQBUSA-N,Sca163807
Secreted protein,TNFA,JISPOIZPNBJWKP-YPVFFKKOSA-N,Sca163818
Secreted protein,TNFA,GUOOARDVBFVSBV-JOCHJYFZSA-N,Sca150079
Secreted protein,TNFA,VEBZJOJBQZPEIO-HHHXNRCGSA-N,Sca163807
Secreted protein,TNFA,QLFVYQZANSTHDO-HXUWFJFHSA-N,Sca150079
Secreted protein,TNFA,YNTFAZSVLXOQTI-RUZDIDTESA-N,Sca163807
Secreted protein,TNFA,CXXGOKXVDBAGFV-CFLNXXHPSA-N,Sca163818
Secreted protein,TNFA,GOXFEWXSLQJDRY-NRFANRHFSA-N,Sca150079
Secreted protein,TNFA,WNNKWLPJIVJPIG-HHHXNRCGSA-N,Sca163976
Secreted protein,TNFA,JPSFKRZRXRUYJN-JOCHJYFZSA-N,Sca264372
Secreted protein,TNFA,MMXWWFALWYCHLP-SSEXGKCCSA-N,Sca265720
Secreted protein,TNFA,DGFLUWCVPLUGKX-XMMPIXPASA-N,Sca163818
Secreted protein,TNFA,NEXBICIFHWLETE-HSZRJFAPSA-N,Sca264375
Secreted protein,TNFA,LSNWVSIFUCSPGI-HHHXNRCGSA-N,Sca264407
Secreted protein,TNFA,CQYNQICIXCKTTL-JGCGQSQUSA-N,Sca163870
Secreted protein,TNFA,LGXHYZWFJWVNCL-GDLZYMKVSA-N,Sca163818
Secreted protein,TNFA,WETKCAYYSUZHAX-ITCMONMYSA-N,Sca163818
Secreted protein,TNFA,OLTZXHFVBSAVFE-SSEXGKCCSA-N,Sca264399
Secreted protein,TNFA,NIFYSIPRCAERMK-XMMPIXPASA-N,Sca163818
Secreted protein,TNFA,JVMVFKOFVVLBAY-IKOFQBKESA-N,Sca163818
Secreted protein,TNFA,PXWWREGTHRMBOH-UHFFFAOYSA-N,Sca163807
Secreted protein,TNFA,DPNXFCNWZPIWBE-WJOKGBTCSA-N,Sca163870
Secreted protein,TNFA,ZBHVIEDBNRUBOM-RUZDIDTESA-N,Sca264407
Secreted protein,TNFA,HRLZVKOGFPSGEE-GBAZGAGXSA-N,Sca163818
Secreted protein,TNFA,SSCTWNVPCAPXGN-WJOKGBTCSA-N,Sca163870
Secreted protein,TNFA,ZFULWCJCMWQZEQ-GDLZYMKVSA-N,Sca264436
Secreted protein,TNFA,ZANPSDXWLYKCQF-AREMUKBSSA-N,Sca163807
Secreted protein,TNFA,MGIPMELJIIROIN-RUZDIDTESA-N,Sca163818
Secreted protein,TNFA,YNHOGVHHPMDFDF-MUUNZHRXSA-N,Sca163818
Secreted protein,TNFA,CJKFIQYSCFUFPA-RUZDIDTESA-N,Sca163818
Secreted protein,TNFA,RWIZIWYAMRPNPD-UHFFFAOYSA-N,Sca163818
Secreted protein,TNFA,NKSBXHIDWFDHKE-JOCHJYFZSA-N,Sca163977
Secreted protein,TNFA,UFSWRYZRPXSFGW-ITCMONMYSA-N,Sca163818
Secreted protein,TNFA,RAOTUDZYHGTWDV-DCWQJPKNSA-N,Sca163818
Secreted protein,TNFA,YBXAPBCXGHVKOC-NPRFROTHSA-N,Sca264453
Secreted protein,TNFA,LZGXRCVRZKUPAC-RUZDIDTESA-N,Sca163807
Secreted protein,TNFA,MKBKLAKFLDPFNW-JOCHJYFZSA-N,Sca150079
Secreted protein,TNFA,LQQYSWQPHNJQBF-OAQYLSRUSA-N,Sca150079
Secreted protein,TNFA,YYHHTNFLRDIRJO-HSZRJFAPSA-N,Sca264369
Secreted protein,TNFA,LZYIDYXVYYUPQS-HSZRJFAPSA-N,Sca163818
Secreted protein,TNFA,OYOALWYHSLCCJW-AREMUKBSSA-N,Sca163807
Secreted protein,TNFA,RJETXMQQQFDNJK-SNSSHHSLSA-N,Sca265815
Secreted protein,TNFA,QKXVYRQVCUTSOJ-ZWAGFTRDSA-N,Sca163818
Secreted protein,TNFA,VZVTWRJKICLKJI-JOCHJYFZSA-N,Sca150079
Secreted protein,TNFA,RYOVKXCBDJGFCU-WJOKGBTCSA-N,Sca163870
Secreted protein,TNFA,BGNBWOMBZYXIEI-HHHXNRCGSA-N,Sca163807
Secreted protein,TNFA,ILXWMFLAZLGKIG-XMMPIXPASA-N,Sca163807
Secreted protein,TNFA,YJQZOBOIFSLTNH-PLYLYKGUSA-N,Sca265765
Secreted protein,TNFA,ATUIUMZYBUFUGD-HHHXNRCGSA-N,Sca163807
Secreted protein,TNFA,JVMVFKOFVVLBAY-JWQCQUIFSA-N,Sca163818
Secreted protein,TNFA,NBZMNVFAMQINFG-IQHZPMLTSA-N,Sca163807
Secreted protein,TNFA,ZPAIQTBIQOULME-JGCGQSQUSA-N,Sca163870
Secreted protein,TNFA,CWPBQRYUCKYTPW-YHAMSUFESA-N,Sca264407
Secreted protein,TNFA,IVLZUHBTPCDTME-HOINCLMKSA-N,Sca163818
Secreted protein,TNFA,QWVJPWCHKKVNDF-XMMPIXPASA-N,Sca163818
Secreted protein,TNFA,BXMUWDBSIJWNKS-SSEXGKCCSA-N,Sca264450
Secreted protein,TNFA,WZLNARRACXABPD-OAQYLSRUSA-N,Sca265753
Secreted protein,TNFA,WWACVARGRGARLP-XMMPIXPASA-N,Sca264357
Secreted protein,TNFA,OHIKFHUFYCONMB-RUZDIDTESA-N,Sca163807
Secreted protein,TNFA,QQEIDFSHQUMVQD-SSEXGKCCSA-N,Sca163870
Secreted protein,TNFA,BUHNLEMZUNHEGZ-AREMUKBSSA-N,Sca163818
Secreted protein,TNFA,VLHCVRXTEYYSJY-XMMPIXPASA-N,Sca163818
Secreted protein,TNFA,PHAVOBFSAQCHQY-OAQYLSRUSA-N,Sca150079
Secreted protein,TNFA,PNNBPQPPTLUIHB-HSZRJFAPSA-N,Sca163807
Secreted protein,TNFA,GLMVHKDHYPQGMA-LDCRUHPQSA-N,Sca264434
Secreted protein,TNFA,FQFIEDYMVAVRHW-HSZRJFAPSA-N,Sca150079
Secreted protein,TNFA,GDGLTZNCEUOVQE-RUZDIDTESA-N,Sca163807
Secreted protein,TNFA,RPJWGBJYXNRHKM-JOCHJYFZSA-N,Sca150079
Secreted protein,TNFA,CSONHTMNMXKJEM-WJOKGBTCSA-N,Sca163818
Secreted protein,TNFA,AGWVLDJTVGFXDB-UHFFFAOYSA-N,Sca150079
Secreted protein,TNFA,NTDXUGWDNZPVGF-HXUWFJFHSA-N,Sca150079
Secreted protein,TNFA,HUPOKPFSIDAEKF-JGCGQSQUSA-N,Sca163870
Secreted protein,TNFA,KJPILHRRGVCLOD-RUZDIDTESA-N,Sca163807
Secreted protein,TNFA,PTJFEZGVOZFPNY-UIDYPRJRSA-N,Sca265743
Secreted protein,TNFA,RCABBFQFVTXYOF-HHHXNRCGSA-N,Sca163807
Secreted protein,TNFA,XVSOIEREWFSDJJ-DBTLDAOKSA-N,Sca163818
Secreted protein,TNFA,BNKHRAPZEMJCHK-XMMPIXPASA-N,Sca150079
Secreted protein,TNFA,YERYUZRAJFJVJM-OAQYLSRUSA-N,Sca265816
Secreted protein,TNFA,ZNTGPYZFJXZCSM-SSEXGKCCSA-N,Sca163870
Secreted protein,TNFA,ZOGUQILNEUWWNL-WUBHUQEYSA-N,Sca163818
Secreted protein,TNFA,LWEWMTRXAFDNSH-IQHZPMLTSA-N,Sca163818
Secreted protein,TNFA,GJNUYPRSINEEDI-JOCHJYFZSA-N,Sca163977
Secreted protein,TNFA,UHKRAXVHYITONX-HHHXNRCGSA-N,Sca163818
Secreted protein,TNFA,FHQOELRDJQXJGC-YFBVDTCKSA-N,Sca265815
Secreted protein,TNFA,NAISYEGRZYFSNR-VCHQGTEKSA-N,Sca163817
Secreted protein,TNFA,GNXUVQQPJKTEIJ-HSZRJFAPSA-N,Sca163807
Secreted protein,TNFA,YRQXTHXMHPBGAB-WJOKGBTCSA-N,Sca163870
Secreted protein,TNFA,CWPBQRYUCKYTPW-AKJBCIBTSA-N,Sca264407
Secreted protein,TNFA,AVFGPILHNKXGGS-GMTYSHBUSA-N,Sca265779
Secreted protein,TNFA,NSKDLLYTWJVRPJ-JGCGQSQUSA-N,Sca163870
Secreted protein,TNFA,PANZEYSWCBBJCM-HHHXNRCGSA-N,Sca265809
Secreted protein,TNFA,HROBHOUPYNGDEP-XMMPIXPASA-N,Sca264407
Secreted protein,TNFA,CYDOZHIVEFAYQX-SSEXGKCCSA-N,Sca264454
Secreted protein,TNFA,FEZUQXUOGDZSQE-RUZDIDTESA-N,Sca163818
Secreted protein,TNFA,IPVXJEWAHXFHHP-JOCHJYFZSA-N,Sca264364
Secreted protein,TNFA,SIRBGHPLECKFTR-HHHXNRCGSA-N,Sca264407
Secreted protein,TNFA,QDUZJQJFIIPLHV-IQHZPMLTSA-N,Sca163807
Secreted protein,TNFA,UKTPYPTWWZETGI-MUUNZHRXSA-N,Sca163818
Secreted protein,TNFA,QNZRTJWRJTWXMA-OABVPOGTSA-N,Sca163818
Secreted protein,TNFA,YUGMBDCSAGEZFY-SNSSHHSLSA-N,Sca163817
Secreted protein,TNFA,XWTHLNYMIRYTKN-MUUNZHRXSA-N,Sca163818
Secreted protein,TNFA,JGZTVRZGAMHMDD-AREMUKBSSA-N,Sca163807
Secreted protein,TNFA,JYXSGJWAMNTPRG-HSZRJFAPSA-N,Sca150079
Secreted protein,TNFA,WXCVOHBWBOAZLS-HXUWFJFHSA-N,Sca150079
Secreted protein,TNFA,GFIGHPAFLJOFHC-XMMPIXPASA-N,Sca163807
Secreted protein,TNFA,PABFXHQXSHPBJJ-RUZDIDTESA-N,Sca163818
Secreted protein,TNFA,WTCHSDSKRMUMDD-OZAIVSQSSA-N,Sca265743
Secreted protein,TNFA,MRABGDUHHKEVMA-LYGOMILNSA-N,Sca264407
Secreted protein,TNFA,HSKNVWDOYYTFOJ-HSZRJFAPSA-N,Sca163807
Secreted protein,TNFA,LITZWIRLAPNJMW-JOCHJYFZSA-N,Sca163977
Secreted protein,TNFA,GFNBETLJKGCEAJ-MUUNZHRXSA-N,Sca163818
Secreted protein,TNFA,HEFRSJYQVAKNAZ-WPNNEGNSSA-N,Sca264434
Secreted protein,TNFA,KKMDEELQLJYHQZ-DCWQJPKNSA-N,Sca264422
Secreted protein,TNFA,VDOWSKDQCMQOCN-ITCMONMYSA-N,Sca163818
Secreted protein,TNFA,QLFVYQZANSTHDO-FQEVSTJZSA-N,Sca150079
Secreted protein,TNFA,KWYPGPBYLJSFCV-WGAKKPHLSA-N,Sca163818
Secreted protein,TNFA,ANMLNJVXFBSDMU-SNSSHHSLSA-N,Sca163818
Secreted protein,TNFA,RHFKYNSMBHVYRH-MUUNZHRXSA-N,Sca163818
Secreted protein,TNFA,CEYGEGGSWNVPPZ-JOCHJYFZSA-N,Sca150079
Secreted protein,TNFA,HNSMCDJIXYKFJL-HRYTWTRCSA-N,Sca163818
Secreted protein,TNFA,AICXQOYNUNAFIC-CJFMBICVSA-N,Sca163818
Secreted protein,TNFA,YVPQHHKFAHQQFY-HHHXNRCGSA-N,Sca264407
Secreted protein,TNFA,RJAGOYVXQHHTMP-WUBHUQEYSA-N,Sca163818
Secreted protein,TNFA,ALKCSYJSICCJCM-AREMUKBSSA-N,Sca163818
Secreted protein,TNFA,YULZLMCWKDYBTR-FTJBHMTQSA-N,Sca265734
Secreted protein,TNFA,FTPWHFJTYZWOPY-ITCMONMYSA-N,Sca163818
Secreted protein,TNFA,RPIXUTROJMVGDZ-FXDYGKIASA-N,Sca163818
Secreted protein,TNFA,RBQNSPKXDVILSH-PSXMRANNSA-N,Sca264410
Secreted protein,TNFA,YJTJUEGLSJUQSI-MGBGTMOVSA-N,Sca163870
Secreted protein,TNFA,FYIRGASZSQQNLR-HSZRJFAPSA-N,Sca264364
Secreted protein,TNFA,RWJZICCJTSQJFD-RUZDIDTESA-N,Sca163818
Secreted protein,TNFA,YXAPCNWNHLUBAY-JGCGQSQUSA-N,Sca264383
Secreted protein,TNFA,IAGJLIHQBHYLPL-IQHZPMLTSA-N,Sca163818
Secreted protein,TNFA,ZSDMHFFHFDSYQU-HSZRJFAPSA-N,Sca150079
Secreted protein,TNFA,QPHZEBMMVJBDRZ-XMMPIXPASA-N,Sca163818
Secreted protein,TNFA,OMFGJZSSAVCFIY-SSEXGKCCSA-N,Sca163870
Secreted protein,TNFA,AUWCRYUPRHMNCJ-AREMUKBSSA-N,Sca163818
Secreted protein,TNFA,YULZLMCWKDYBTR-DCWQJPKNSA-N,Sca265734
Secreted protein,TNFA,UQNOVEOWSWDNDF-AREMUKBSSA-N,Sca163818
Secreted protein,TNFA,SISZTYKGUNKWOD-MUUNZHRXSA-N,Sca163818
Secreted protein,TNFA,QRJMASABBOESKY-RMOSNQSASA-N,Sca163818
Secreted protein,TNFA,JHEFYCSEQOCCCA-AREMUKBSSA-N,Sca264407
Secreted protein,TNFA,AOMGOKVXKMSVSB-HXUWFJFHSA-N,Sca150079
Secreted protein,TNFA,LLYJCPKPOUWCMM-AREMUKBSSA-N,Sca163807
Secreted protein,TNFA,MDQWZWSMKPNPNC-MUUNZHRXSA-N,Sca264444
Secreted protein,TNFA,LMYBJFMAZJIUKQ-MUUNZHRXSA-N,Sca264368
Secreted protein,TNFA,KADOKZCMNMHBTR-OAQYLSRUSA-N,Sca150079
Secreted protein,TNFA,ULNKKOHSJWPQBH-AREMUKBSSA-N,Sca163807
Secreted protein,TNFA,DGLDMCXCWYWOML-ZWAGFTRDSA-N,Sca163818
Secreted protein,TNFA,SPFZYFGGFOBYLL-QHCPKHFHSA-N,Sca264360
Secreted protein,TNFA,AOKGFVFNNCDRIH-MGBGTMOVSA-N,Sca163870
Secreted protein,TNFA,FLWYCQFWAYXXPS-RUZDIDTESA-N,Sca163818
Secreted protein,TNFA,LFPJYNKSPCTMQA-JOCHJYFZSA-N,Sca150079
Secreted protein,TNFA,BIVKESNWLPUQJF-HSZRJFAPSA-N,Sca163977
Secreted protein,TNFA,NBQYXQTUXNEFTJ-XMMPIXPASA-N,Sca264407
Secreted protein,TNFA,JBWLKPFUUULOFZ-FXDYGKIASA-N,Sca163818
Secreted protein,TNFA,MGXAFBGHCJUHMC-HHHXNRCGSA-N,Sca264407
Secreted protein,TNFA,CIWKNCSUDGRQMY-YASXMZIQSA-N,Sca163818
Secreted protein,TNFA,BIFMNKIXPZCDHB-MUUNZHRXSA-N,Sca264407
Secreted protein,TNFA,PYTXPVHJIDYQEO-RUZDIDTESA-N,Sca163818
Secreted protein,TNFA,XWBPFOWMRFEXOS-BQUQIILOSA-N,Sca264407
Secreted protein,TNFA,MKBKLAKFLDPFNW-QFIPXVFZSA-N,Sca150079
Secreted protein,TNFA,ACLBCFXZZJRMKL-AREMUKBSSA-N,Sca163807
Secreted protein,TNFA,MUUPTMXNJJHPHO-SSEXGKCCSA-N,Sca163870
Secreted protein,TNFA,JMUYZHBXAPIJST-XMMPIXPASA-N,Sca163807
Secreted protein,TNFA,YAUHDOATTPVDFL-HSZRJFAPSA-N,Sca163807
Secreted protein,TNFA,WUBUATFMXOJTOY-MUUNZHRXSA-N,Sca163818
Secreted protein,TNFA,DFGZUKURUZBFCF-HSZRJFAPSA-N,Sca150079
Secreted protein,TNFA,SRLGLYMFEUVUBS-SSEXGKCCSA-N,Sca163870
Secreted protein,TNFA,KUHNQPGNDPIRJW-RUZDIDTESA-N,Sca150079
Secreted protein,TNFA,OXDAXBUMKFQJHP-RUZDIDTESA-N,Sca163818
Secreted protein,TNFA,ANBVSSFGMCMMDD-MUUNZHRXSA-N,Sca264382
Secreted protein,TNFA,ZMXYWILPEQWXIY-OAQYLSRUSA-N,Sca150079
Secreted protein,TNFA,HQGDNERWBAPNFB-UHFFFAOYSA-N,Sca264431
Secreted protein,TNFA,LPJFJIGXLATALL-ZWAGFTRDSA-N,Sca163818
Secreted protein,TNFA,ZMVMRJBXLKMZQH-JGCGQSQUSA-N,Sca264387
Secreted protein,TNFA,HORFJXMNDRUASC-SIJZPPASSA-N,Sca163818
Secreted protein,TNFA,KFGIOORFNFXPJQ-PSXMRANNSA-N,Sca164015
Secreted protein,TNFA,QZZSRKCVQGTWFI-KWRHIPAJSA-N,Sca265739
Secreted protein,TNFA,QZZSRKCVQGTWFI-KWRHIPAJSA-N,Sca265737
Secreted protein,TNFA,NNNINAVNASMUPH-UHFFFAOYSA-N,Sca265805
Secreted protein,TNFA,RKRZFMWPVKNRPF-AJLMHGPESA-N,Sca264447
Secreted protein,TNFA,VLYULZSNSXSWHO-QXPUDEPPSA-N,Sca264413
Secreted protein,TNFA,AYHQPKVQZYDVMT-VYTXOHQDSA-N,Sca163818
Secreted protein,TNFA,DKNBENRYRTUHRN-GDLZYMKVSA-N,Sca163817
Secreted protein,TNFA,HTRUIAPEJOFNMQ-MUUNZHRXSA-N,Sca264407
Secreted protein,TNFA,UBJYKIFHJAGJCE-RUZDIDTESA-N,Sca163977
Secreted protein,TNFA,IACOVDKKTCMMGQ-NORZDRCHSA-N,Sca264434
Secreted protein,TNFA,OYSREZWFLMTDOM-AREMUKBSSA-N,Sca163807
Secreted protein,TNFA,BOYUDLNZMZMOHE-RUZDIDTESA-N,Sca163818
Secreted protein,TNFA,QIIFEWKYNUTMQJ-RUZDIDTESA-N,Sca163818
Secreted protein,TNFA,RQOBCIHEMUBWEK-KFTJTTPMSA-N,Sca163818
Secreted protein,TNFA,HAGMXLJFRPRPEB-OZAIVSQSSA-N,Sca265763
Secreted protein,TNFA,DTDBWBYWLBIJQQ-XMMPIXPASA-N,Sca163818
Secreted protein,TNFA,XCEQFNMMPTYJEH-HSZRJFAPSA-N,Sca264372
Secreted protein,TNFA,NFTZFUZHJUXHQR-QXPUDEPPSA-N,Sca163807
Secreted protein,TNFA,HFEYUSKLTLXTLZ-VCHQGTEKSA-N,Sca163817
Secreted protein,TNFA,UGQOIMPGEOZSRC-AREMUKBSSA-N,Sca163807
Secreted protein,TNFA,DFXMAMHUUYRAGG-XMMPIXPASA-N,Sca265730
Secreted protein,TNFA,RYRXXMRCLBFLHQ-PGUFJCEWSA-N,Sca163870
Secreted protein,TNFA,ABHVVLUTNCKKEX-IQHZPMLTSA-N,Sca163818
Motilin family,GHRL,AOGQBFWFOJRISL-SLPFSQKISA-N,Sca191521
Motilin family,GHRL,ZPEDBCLQAZTDDB-RMXYQJDTSA-N,Sca191450
Motilin family,GHRL,QSWZCBJMPATZGX-YTFNCPKPSA-N,Sca191454
Motilin family,GHRL,BZIKCOOHXAVETB-IZLXSDGUSA-N,Sca191457
Motilin family,GHRL,WUOSQYXJIXLPTP-LBHSSTRISA-N,Sca191539
Motilin family,GHRL,ADIOQAYPSGHDFT-OXTYCOSGSA-N,Sca191450
Motilin family,GHRL,RGRCEZBNFKRETF-OXTYCOSGSA-N,Sca191450
Motilin family,GHRL,HNXPBOGKWFGGJB-YRXNKSPZSA-N,Sca191533
Motilin family,GHRL,UKTFKKQZZNIQCZ-QIDJRYDTSA-N,Sca191454
Motilin family,GHRL,UMRFQLWVRFCHER-OXTYCOSGSA-N,Sca191450
Motilin family,GHRL,LJTYTDRCLZRSMN-FGCOXFRFSA-N,Sca88025
Motilin family,GHRL,RUNJTEIQKHMZSW-ZOSUSCCZSA-N,Sca191450
Motilin family,GHRL,RWYUFLWFQCYBIM-QFTSRTAKSA-N,Sca191447
Motilin family,GHRL,OJESPZZSUUGAKK-IWSNZJKDSA-N,Sca191454
Motilin family,GHRL,SBGLLABFHQIDCY-XWMYMNJZSA-N,Sca191450
Motilin family,GHRL,IEAUXEJFKGIBRN-IFGWQFMBSA-N,Sca191450
Motilin family,GHRL,DQJXOEHBWVVKTL-MIUUGJTFSA-N,Sca191530
Motilin family,GHRL,CKKKPTDEQLCSDS-WMSJLGCSSA-N,Sca191454
Motilin family,GHRL,HVNSCQHWQRWMCW-IEZKXTBUSA-N,Sca191454
Motilin family,GHRL,YCFXVRPRVAOADN-ZEQRLZLVSA-N,Sca191454
Motilin family,GHRL,MNXXIGLXENLOEX-RTWAWAEBSA-N,Sca191455
Motilin family,GHRL,ATPVOAOEYSJDIH-BKNUMKMGSA-N,Sca191527
Motilin family,GHRL,ARLDXWFDMIMAAS-ABNZCKJZSA-N,Sca191450
Motilin family,GHRL,XBPLNMSLGBYKCW-UFKXBGGNSA-N,Sca191450
Motilin family,GHRL,TUFREBLXGZQYFP-DJCWJLACSA-N,Sca191454
Motilin family,GHRL,HVNSCQHWQRWMCW-GVXSCFBNSA-N,Sca191454
Motilin family,GHRL,ZIWNXCOMNBPCJZ-RCXJIHSJSA-N,Sca191454
Motilin family,GHRL,WGYPAJVJMXQXTR-JQHOABPUSA-N,Sca191450
Motilin family,GHRL,OCWFJYXMVLSTDO-OTEJSBPHSA-N,Sca191536
Motilin family,GHRL,IJYGTBLRLXLFBP-UFKXBGGNSA-N,Sca191450
Motilin family,GHRL,IBAKCVVTOJIOEN-ZIXQQCMUSA-N,Sca191525
Motilin family,GHRL,JUOIJNCKYQXFOF-BJYFBGGTSA-N,Sca191450
Motilin family,GHRL,ZNYRUNOEPRPORZ-SUNQPCDNSA-N,Sca191450
Motilin family,GHRL,ZMOMZJDEWSTKIL-WMBPSLEXSA-N,Sca191450
Motilin family,GHRL,YCFXVRPRVAOADN-BJKOFHAPSA-N,Sca191454
Motilin family,GHRL,IHPKBGRMJNCAJW-BJKOFHAPSA-N,Sca191454
Motilin family,GHRL,QTYKFOHHZIMYIT-SBPKXREESA-N,Sca88025
Motilin family,GHRL,XGOUIBKZLDCMGX-SUNQPCDNSA-N,Sca191454
Motilin family,GHRL,ZWIXEQBDJMFCMN-DHHNQDMHSA-N,Sca191450
Motilin family,GHRL,AHLASMIVHIZXPP-RCUSWNFXSA-N,Sca88025
Motilin family,GHRL,QPKPRCCPPDTWIJ-OXTYCOSGSA-N,Sca191450
Motilin family,GHRL,WUOSQYXJIXLPTP-ABXDHCHGSA-N,Sca191539
Other nuclear protein,IF4E,XCCLFPUBQTZIEH-SCFUHWHPSA-N,Sca201374
Other nuclear protein,IF4E,MCYZBWKMUOPJOU-UHFFFAOYSA-N,Sca201383
Other nuclear protein,IF4E,DKVRNHPCAOHRSI-KQYNXXCUSA-N,Sca201381
Other nuclear protein,IF4E,DKVRNHPCAOHRSI-KQYNXXCUSA-N,Sca152719
Other nuclear protein,IF4E,DKVRNHPCAOHRSI-KQYNXXCUSA-N,Sca152721
Other nuclear protein,IF4E,CNNKPJYFPGUGLQ-UHFFFAOYSA-N,Sca201383
Other nuclear protein,IF4E,RHMQELFSDNQEBP-SCFUHWHPSA-N,Sca152718
Other nuclear protein,IF4E,ZIPYKPGMJNDUSX-UHFFFAOYSA-N,Sca201383
Other nuclear protein,IF4E,QWFXGVANFMDSMH-LSCFUAHRSA-N,Sca152718
Other nuclear protein,IF4E,PYFSHRHJFPDMPM-NVQRDWNXSA-N,Sca201379
Other nuclear protein,IF4E,OSDHZJVAKUMRCL-LSCFUAHRSA-N,Sca152718
Other nuclear protein,IF4E,YCZIVALBOMAUFR-LSCFUAHRSA-N,Sca152718
Urotensin-2 family,UTS2,UIZHOFJFIOCYLH-UHFFFAOYSA-N,Sca7
Wnt family,WNT3A,ZBJVKCDYVCVOIF-UHFFFAOYSA-N,Sca226439
Wnt family,WNT3A,DYGBNAYFDZEYBA-UHFFFAOYSA-N,Sca226439
Wnt family,WNT3A,KLGQSVMIPOVQAX-UHFFFAOYSA-N,Sca154353
Wnt family,WNT3A,WMOFKDNPUXQKFI-UHFFFAOYSA-N,Sca226428
Wnt family,WNT3A,NTQHXNALUQPZJR-UHFFFAOYSA-N,Sca226437
Wnt family,WNT3A,CCVBOAMGJQRBBT-UHFFFAOYSA-N,Sca226440
Wnt family,WNT3A,LBFYQISQYCGDDW-UHFFFAOYSA-N,Sca253173
Wnt family,WNT3A,GXCGSCMUTWIBEU-UHFFFAOYSA-N,Sca226440
Wnt family,WNT3A,HVPUASJORDGFQX-UHFFFAOYSA-N,Sca226428
Wnt family,WNT3A,SUKHPNUTRMBUST-UHFFFAOYSA-N,Sca226432
Wnt family,WNT3A,AHJJFIGHBOPXKV-UHFFFAOYSA-N,Sca226428
Wnt family,WNT3A,JDRRUNIVJVAXBH-UHFFFAOYSA-N,Sca226434
Wnt family,WNT3A,IAGKBCUKKSAKTF-UHFFFAOYSA-N,Sca226430
Wnt family,WNT3A,TWJFMOWGAAKBEI-UHFFFAOYSA-N,Sca226440
Wnt family,WNT3A,SKYFUELJMZKOQQ-UHFFFAOYSA-N,Sca226445
Wnt family,WNT3A,ZWIJUUMFHSAWDX-UHFFFAOYSA-N,Sca226440
Wnt family,WNT3A,ZGSXEXBYLJIOGF-IDPBPBMLSA-N,Sca136886
Wnt family,WNT3A,LQZSHPITKSPDLC-UHFFFAOYSA-N,Sca308958
Wnt family,WNT3A,LQZSHPITKSPDLC-UHFFFAOYSA-N,Sca179902
Wnt family,WNT3A,LQZSHPITKSPDLC-UHFFFAOYSA-N,Sca174827
Wnt family,WNT3A,LQZSHPITKSPDLC-UHFFFAOYSA-N,Sca165424
Wnt family,WNT3A,ZMGPDWHTUMUFPT-UHFFFAOYSA-N,Sca171472
Wnt family,WNT3A,ZMGPDWHTUMUFPT-UHFFFAOYSA-N,Sca165305
Wnt family,WNT3A,HQPRJYQZDYZZOA-UHFFFAOYSA-N,Sca308958
Wnt family,WNT3A,HQPRJYQZDYZZOA-UHFFFAOYSA-N,Sca179902
Wnt family,WNT3A,HQPRJYQZDYZZOA-UHFFFAOYSA-N,Sca174827
Wnt family,WNT3A,HQPRJYQZDYZZOA-UHFFFAOYSA-N,Sca165424
Wnt family,WNT3A,KRIKILRRJCIWNB-UHFFFAOYSA-N,Sca171472
Wnt family,WNT3A,KRIKILRRJCIWNB-UHFFFAOYSA-N,Sca165305
Wnt family,WNT3A,NBISXOSUCKEWEA-UHFFFAOYSA-N,Sca171472
Wnt family,WNT3A,NBISXOSUCKEWEA-UHFFFAOYSA-N,Sca165305
Other membrane protein,HG2A,QCVFWWFGAKRNHR-UHFFFAOYSA-N,Sca82630
Other membrane protein,HG2A,JBLOHPBDSXSVNC-UHFFFAOYSA-N,Sca82919
Other membrane protein,HG2A,OMDGGXZLVWQNQJ-UHFFFAOYSA-N,Sca82891
Other membrane protein,HG2A,DXZBVPJKNGQDSA-UHFFFAOYSA-N,Sca82891
Other membrane protein,HG2A,AMSFCNUCSFWCJW-UHFFFAOYSA-N,Sca82891
Other membrane protein,HG2A,FGUVGHPZGGMLJY-UHFFFAOYSA-N,Sca82630
Other membrane protein,HG2A,LYFKQHVCRNURSR-UHFFFAOYSA-N,Sca82655
Ubiquitin-activating E1 family,UBA6,PGAMXUGSHMQFKD-BPAMBQHCSA-N,Sca204839
Ubiquitin-activating E1 family,UBA6,PGAMXUGSHMQFKD-BPAMBQHCSA-N,Sca197763
Peptidase T1B family,PSB10,UHNYITHLNFUAIN-VTNASVEKSA-N,Sca244798
Peptidase T1B family,PSB10,WQAVPPWWLLVGFK-VTNASVEKSA-N,Sca240075
Calcitonin family,CALCA,CGDZXLJGHVKVIE-DNVCBOLYSA-N,Sca98586
Calcitonin family,CALCA,AZAANWYREOQRFB-SETSBSEESA-N,Sca200478
Calcitonin family,CALCA,AZAANWYREOQRFB-SETSBSEESA-N,Sca189892
Calcitonin family,CALCA,DNKYDHSONDSTNJ-XJVRLEFXSA-N,Sca6321
Calcitonin family,CALCA,BXNUIUWCMHAHET-OAQYLSRUSA-N,Sca77536
Calcitonin family,CALCA,ITIXDWVDFFXNEG-JHOUSYSJSA-N,Sca77534
Calcitonin family,CALCA,QBDDCUKCEKLYLG-UHFFFAOYSA-N,Sca189903
Calcitonin family,CALCA,NDACAFBDTQIYCQ-YVQXRMNASA-N,Sca6321
ADP-ribosyl cyclase family,CD38,HJCHDZGEJHNQGD-WKILWMFISA-N,Sca255035
ADP-ribosyl cyclase family,CD38,HGZNNZYWRLBABG-SHTZXODSSA-N,Sca255033
ADP-ribosyl cyclase family,CD38,KEKZQVPNLJQCJI-HDJSIYSDSA-N,Sca255033
ADP-ribosyl cyclase family,CD38,HRPDLIRHUMUQDQ-KOMQPUFPSA-N,Sca255033
ADP-ribosyl cyclase family,CD38,UIVBIWLDRWZDHF-UHFFFAOYSA-N,Sca255039
ADP-ribosyl cyclase family,CD38,CSWOETBECUDEEP-UHFFFAOYSA-N,Sca255035
ADP-ribosyl cyclase family,CD38,XUKGFHFFJJOKKL-UHFFFAOYSA-N,Sca255039
ADP-ribosyl cyclase family,CD38,FUFNYUQVVHGFLC-UHFFFAOYSA-N,Sca419
ADP-ribosyl cyclase family,CD38,YBWVXXAXRAVRND-UHFFFAOYSA-N,Sca255033
ADP-ribosyl cyclase family,CD38,FIQSZTRGRSNAMH-MQMHXKEQSA-N,Sca255035
ADP-ribosyl cyclase family,CD38,KYBPXBQXLVGFOP-UHFFFAOYSA-N,Sca255039
ADP-ribosyl cyclase family,CD38,DLBNZKGJZYSGJF-CTYIDZIISA-N,Sca255033
ADP-ribosyl cyclase family,CD38,XPEBLJSPHXLWGT-HDJSIYSDSA-N,Sca255042
ADP-ribosyl cyclase family,CD38,OQXFWZCVLGUTPB-IYARVYRRSA-N,Sca255033
ADP-ribosyl cyclase family,CD38,QTPNZZJIUZTFRK-UHFFFAOYSA-N,Sca255039
ADP-ribosyl cyclase family,CD38,HJBLPDHCMRUFHW-WKILWMFISA-N,Sca255033
ADP-ribosyl cyclase family,CD38,KYZOKRJDUREGKD-HDJSIYSDSA-N,Sca255047
ADP-ribosyl cyclase family,CD38,QACJQHGIQZKMAR-UHFFFAOYSA-N,Sca255035
ADP-ribosyl cyclase family,CD38,BVXZLOGAKHSZND-CTYIDZIISA-N,Sca255035
ADP-ribosyl cyclase family,CD38,AEIHHQCRNRWFDR-HDJSIYSDSA-N,Sca255039
ADP-ribosyl cyclase family,CD38,QADCFCAKUGGZJW-MQMHXKEQSA-N,Sca255039
ADP-ribosyl cyclase family,CD38,IDGSKYUWGRYWPT-UHFFFAOYSA-N,Sca255049
ADP-ribosyl cyclase family,CD38,SOJGGKJWRAVHNW-WKILWMFISA-N,Sca255047
ADP-ribosyl cyclase family,CD38,JQZFVAWTPLKKSF-UHFFFAOYSA-N,Sca255051
ADP-ribosyl cyclase family,CD38,XONPLHPMAURMJL-UHFFFAOYSA-N,Sca255039
ADP-ribosyl cyclase family,CD38,BXZGSIDSJSGAJE-UHFFFAOYSA-N,Sca419
ADP-ribosyl cyclase family,CD38,XQJZHWDHSXMPFF-KOMQPUFPSA-N,Sca255039
ADP-ribosyl cyclase family,CD38,VOHWAEFKDIHGLY-IYARVYRRSA-N,Sca255033
ADP-ribosyl cyclase family,CD38,VJQALSOBHVEJQM-QAQDUYKDSA-N,Sca255033
ADP-ribosyl cyclase family,CD38,DMHJHSKVAFHFOT-UHFFFAOYSA-N,Sca255039
ADP-ribosyl cyclase family,CD38,UPPIWUSHSPAOJF-CHWSQXEVSA-N,Sca255039
ADP-ribosyl cyclase family,CD38,WWQZYHBACWHPRN-UHFFFAOYSA-N,Sca419
ADP-ribosyl cyclase family,CD38,IWZDHCYXTXFDQX-UHFFFAOYSA-N,Sca419
ADP-ribosyl cyclase family,CD38,AEOVRVHUZLTCMU-MQMHXKEQSA-N,Sca255042
ADP-ribosyl cyclase family,CD38,DMFWZMBVUGWLCQ-UHFFFAOYSA-N,Sca255039
ADP-ribosyl cyclase family,CD38,ZLSZDEARRQRWGO-UHFFFAOYSA-N,Sca419
ADP-ribosyl cyclase family,CD38,ZWGQYCJBHPXEPF-UHFFFAOYSA-N,Sca255039
ADP-ribosyl cyclase family,CD38,BIFSNDSAGPUPAP-UHFFFAOYSA-N,Sca255039
ADP-ribosyl cyclase family,CD38,PHNISBVYCVYISH-UHFFFAOYSA-N,Sca255039
ADP-ribosyl cyclase family,CD38,KSZUULRZDQCWCH-UHFFFAOYSA-N,Sca419
ADP-ribosyl cyclase family,CD38,SBFSSKKJPPYCSR-UHFFFAOYSA-N,Sca255039
ADP-ribosyl cyclase family,CD38,MQZXDPKDXSHACX-UHFFFAOYSA-N,Sca255042
ADP-ribosyl cyclase family,CD38,WJIVDQUOECKURQ-AULYBMBSSA-N,Sca255039
ADP-ribosyl cyclase family,CD38,LVKIZZWITJCZAO-AULYBMBSSA-N,Sca255039
ADP-ribosyl cyclase family,CD38,CFRVEJULVHOSOC-UHFFFAOYSA-N,Sca419
ADP-ribosyl cyclase family,CD38,MFSSHCDVFJPDHJ-UHFFFAOYSA-N,Sca255039
ADP-ribosyl cyclase family,CD38,CDXXZIOUJHVQMO-CTYIDZIISA-N,Sca255039
ADP-ribosyl cyclase family,CD38,DOPAYNPSNQQSRM-KOMQPUFPSA-N,Sca255033
ADP-ribosyl cyclase family,CD38,PJJIVROEUNEVOG-UHFFFAOYSA-N,Sca133032
ADP-ribosyl cyclase family,CD38,UXMBUALLBSVFNJ-UHFFFAOYSA-N,Sca419
ADP-ribosyl cyclase family,CD38,VTRMEFAHIDGTBJ-UHFFFAOYSA-N,Sca255033
ADP-ribosyl cyclase family,CD38,LVSOXTLPGDTVEC-DOMZBBRYSA-N,Sca255039
ADP-ribosyl cyclase family,CD38,ADFAWIIDRUZFJT-SHTZXODSSA-N,Sca255035
ADP-ribosyl cyclase family,CD38,CDSXVXMUMRBIGJ-UHFFFAOYSA-N,Sca419
ADP-ribosyl cyclase family,CD38,CZTGOQSKCZVGPO-UHFFFAOYSA-N,Sca255039
ADP-ribosyl cyclase family,CD38,LVSOXTLPGDTVEC-WFASDCNBSA-N,Sca255039
ADP-ribosyl cyclase family,CD38,QGWDWRRZTVUVKB-QAQDUYKDSA-N,Sca255035
ADP-ribosyl cyclase family,CD38,QZSMIFYJVNGNEY-UHFFFAOYSA-N,Sca255039
ADP-ribosyl cyclase family,CD38,HMWAKSCAHPAVEE-UHFFFAOYSA-N,Sca255039
ADP-ribosyl cyclase family,CD38,HNDMAVYDWZHBTK-UHFFFAOYSA-N,Sca255039
ADP-ribosyl cyclase family,CD38,DZNPBSFQHHTVEI-UHFFFAOYSA-N,Sca255039
ADP-ribosyl cyclase family,CD38,ZSSLQHTYYXEMJM-UHFFFAOYSA-N,Sca1262
ADP-ribosyl cyclase family,CD38,JSPUEGWBSKAOJC-UHFFFAOYSA-N,Sca255043
ADP-ribosyl cyclase family,CD38,RZRYAHXQLVPLIH-UHFFFAOYSA-N,Sca255039
ADP-ribosyl cyclase family,CD38,VOXXOUBHHMGKFF-UHFFFAOYSA-N,Sca255039
ADP-ribosyl cyclase family,CD38,LPXYMTVRTJZZMF-WKILWMFISA-N,Sca255041
ADP-ribosyl cyclase family,CD38,AMCACEZHPHGRQX-UHFFFAOYSA-N,Sca11
ADP-ribosyl cyclase family,CD38,VDOCAIOXRHMIFP-UHFFFAOYSA-N,Sca255039
ADP-ribosyl cyclase family,CD38,ODGOHANETZJRIS-UHFFFAOYSA-N,Sca255039
ADP-ribosyl cyclase family,CD38,GZYBMNSSZHWNFF-UHFFFAOYSA-N,Sca255039
ADP-ribosyl cyclase family,CD38,NMBAKNSXUASOOK-UHFFFAOYSA-N,Sca255039
ADP-ribosyl cyclase family,CD38,YNCGIHNGHPENEQ-UHFFFAOYSA-N,Sca255039
ADP-ribosyl cyclase family,CD38,ONQZZRQBNMKTST-UHFFFAOYSA-N,Sca255039
ADP-ribosyl cyclase family,CD38,XMZBWFLDXDKJSK-UHFFFAOYSA-N,Sca255039
ADP-ribosyl cyclase family,CD38,FHCMCSXXDOVYLW-UHFFFAOYSA-N,Sca255039
ADP-ribosyl cyclase family,CD38,PHDMDAUUJRPHQA-UHFFFAOYSA-N,Sca11
ADP-ribosyl cyclase family,CD38,MTRMZJHBKHXWEO-UHFFFAOYSA-N,Sca212
ADP-ribosyl cyclase family,CD38,ONOQEENCEVCQAR-UHFFFAOYSA-N,Sca212
ADP-ribosyl cyclase family,CD38,WAIGMRDWHSXRKD-UHFFFAOYSA-N,Sca11
ADP-ribosyl cyclase family,CD38,MOKKZCCTNRQAHN-UHFFFAOYSA-N,Sca255039
ADP-ribosyl cyclase family,CD38,LOJCSTRHSDHULY-UHFFFAOYSA-N,Sca255039
ADP-ribosyl cyclase family,CD38,QBRDVXLJTSSKHA-UHFFFAOYSA-N,Sca255039
ADP-ribosyl cyclase family,CD38,VZSUHMSVIQXXMK-UHFFFAOYSA-N,Sca255039
ADP-ribosyl cyclase family,CD38,OAYVTXJSLVPLQP-UHFFFAOYSA-N,Sca255039
ADP-ribosyl cyclase family,CD38,LVKIZZWITJCZAO-BJHJDKERSA-N,Sca255039
ADP-ribosyl cyclase family,CD38,JWTNGHSTZHXTEI-UHFFFAOYSA-N,Sca255039
ADP-ribosyl cyclase family,CD38,GDJPSUNLWNVYIH-UHFFFAOYSA-N,Sca255039
ADP-ribosyl cyclase family,CD38,ZPHDUUDYARVFOB-UHFFFAOYSA-N,Sca255039
ADP-ribosyl cyclase family,CD38,QMUKXFROXCOBER-UHFFFAOYSA-N,Sca255039
ADP-ribosyl cyclase family,CD38,VUHUFXYMOCQDNL-UHFFFAOYSA-N,Sca133032
ADP-ribosyl cyclase family,CD38,BKBGRHJKORKCFW-UHFFFAOYSA-N,Sca255039
ADP-ribosyl cyclase family,CD38,LFBXDZBYLPPAHI-UHFFFAOYSA-N,Sca255039
BZIP family,XBP1,YPZRDXUBXUFGQX-UHFFFAOYSA-M,Sca157347
BZIP family,XBP1,WFOACGQBBBLAIM-UHFFFAOYSA-N,Sca246268
BZIP family,XBP1,FYTDXOGJMXIITH-UHFFFAOYSA-N,Sca246268
BZIP family,XBP1,UCAFJBSQKXVPDX-UHFFFAOYSA-N,Sca261797
BZIP family,XBP1,YCQANNMZZHKNIZ-ZLIHTVQJSA-N,Sca264081
BZIP family,XBP1,NQFSVTNYDHJLAT-BKEOZZTQSA-N,Sca264075
BZIP family,XBP1,FPSHEXYMLFPCLF-LVWWODSESA-N,Sca264081
PDGF/VEGF growth factor family,PLGF,XNFNMVVCSJDPPE-ZHJAKEBVSA-N,Sca179257
PDGF/VEGF growth factor family,PLGF,WTIWNWJCVLLHKW-FGGKEPPBSA-N,Sca179260
PDGF/VEGF growth factor family,PLGF,VKYWZTDFDFCHTC-NKQUKQHVSA-N,Sca179254
PDGF/VEGF growth factor family,PLGF,OCWAVXDKOXTVMR-DEHOOOJBSA-N,Sca179251
PDGF/VEGF growth factor family,PLGF,GXWIPZUWQQNHGA-BMHTYJBBSA-N,Sca179263
PDGF/VEGF growth factor family,PLGF,PSHTWLDWKUGJNS-ZCUGKWHYSA-N,Sca179265
PDGF/VEGF growth factor family,PLGF,PSHTWLDWKUGJNS-YOQNWUPSSA-N,Sca179265
PDGF/VEGF growth factor family,PLGF,NUAVLYAMYMIYMQ-XLUOEVAHSA-N,Sca179226
PDGF/VEGF growth factor family,PLGF,AVENPJLXPORGIV-AACLAAPASA-N,Sca179246
PDGF/VEGF growth factor family,PLGF,DHWJUOUREGIDIK-LFCYLIFCSA-N,Sca179226
PDGF/VEGF growth factor family,PLGF,LBBUBAQMBVLGGF-SZPIYGEDSA-N,Sca179265
PDGF/VEGF growth factor family,PLGF,ODHSAUHYPXHJGT-LQLMSOFXSA-N,Sca179249
PDGF/VEGF growth factor family,PLGF,XZZZULWTZVXHQA-LEJPJESASA-N,Sca179270
PDGF/VEGF growth factor family,PLGF,QVCTYFHVUQGUCT-CZDMZPTHSA-N,Sca179226
PDGF/VEGF growth factor family,PLGF,KOEOLLOLIPGAAN-YPFRLUKASA-N,Sca179226
PDGF/VEGF growth factor family,PLGF,FMOHPVGQHJFFCM-SOHUEORBSA-N,Sca179265
"Type I cytokine receptor family, Type 1 subfamily",TPOR,GKXBZIZTMGDJFJ-JWGURIENSA-N,Sca161772
"Type I cytokine receptor family, Type 1 subfamily",TPOR,VSVPLICYROLNNW-JWGURIENSA-N,Sca161814
"Type I cytokine receptor family, Type 1 subfamily",TPOR,VGABBPNDLHRNOQ-HMAPJEAMSA-N,Sca161771
"Type I cytokine receptor family, Type 1 subfamily",TPOR,YMJFWAZRZUTXJC-QNGOZBTKSA-N,Sca161772
"Type I cytokine receptor family, Type 1 subfamily",TPOR,ZBCZFPJRXQRPGM-PLRJNAJWSA-N,Sca161771
"Type I cytokine receptor family, Type 1 subfamily",TPOR,QEALRNYJQFKVHJ-QNGOZBTKSA-N,Sca161772
"Type I cytokine receptor family, Type 1 subfamily",TPOR,NXQDHHINNZIVQT-HAHDFKILSA-N,Sca161813
"Type I cytokine receptor family, Type 1 subfamily",TPOR,ZVQMLFYTXIMFOF-HMAPJEAMSA-N,Sca161771
"Type I cytokine receptor family, Type 1 subfamily",TPOR,PUEZQFVXWUGNLH-QJOMJCCJSA-N,Sca161772
CISD protein family,CISD1,ULWSONREDISANN-VMPITWQZSA-N,Sca1544
Adhesion,ICAM1,JFOZKMSJYSPYLN-QHCPKHFHSA-N,Sca159361
Adhesion,LYAM2,FBTXRGUTPQFQMS-UHFFFAOYSA-N,Sca7
Adhesion,LYAM2,MGQZCYRVONIJQR-UHFFFAOYSA-N,Sca7
Adhesion,CD22,RHNNBOLUOGPAJV-CYOLFESQSA-N,Sca124090
Adhesion,CD22,SUDAYRLDSUECQH-GFYPMFDPSA-N,Sca124101
Adhesion,CD22,QATDWUKLFZZIKB-GFYPMFDPSA-N,Sca124101
Adhesion,CD22,YIBLAKJMSSTZDU-GFYPMFDPSA-N,Sca124101
Adhesion,CD22,OTRZIYCZOYEUAW-ZSGSMGMISA-N,Sca124093
Adhesion,CD22,BDPYJKQBNAKWGP-KBOYKCPCSA-N,Sca124096
Adhesion,CD22,VGZLWCUFGWIUKE-KXOIUKADSA-N,Sca143031
Adhesion,CD22,OYVPUTMZTUBFKJ-ARQUEJKBSA-N,Sca124094
Adhesion,LYAM1,SERRSGRGANILJR-UHFFFAOYSA-N,Sca87110
Integrin alpha chain family,ITA4,PORQBGUSJHJLPQ-QHCPKHFHSA-N,Sca110623
Integrin alpha chain family,ITA4,GWZJIEHVGSRWQJ-SFTDATJTSA-N,Sca92681
Integrin alpha chain family,ITA4,IFGXOTDKEWTBFF-OALUTQOASA-N,Sca92681
Integrin alpha chain family,ITA4,GIGIMGKAFFGNRE-UGKGYDQZSA-N,Sca116194
Integrin alpha chain family,ITA4,YNJNDBAQPYNBTR-PMACEKPBSA-N,Sca92681
Integrin alpha chain family,ITA4,VBQLKAJJKQAJIM-QPTUXGOLSA-N,Sca159922
Integrin alpha chain family,ITA4,VBQLKAJJKQAJIM-QPTUXGOLSA-N,Sca159996
Integrin alpha chain family,ITA4,MSLKEFBOXBUEPF-GOTSBHOMSA-N,Sca92681
Integrin alpha chain family,ITA4,KSXOGEYJDPMNEE-UHFFFAOYSA-N,Sca117391
Integrin alpha chain family,ITA4,GMINLGKKNUFSSX-SFTDATJTSA-N,Sca92681
Integrin alpha chain family,ITA4,IZGCHFAIPPDHJS-NYMACZPPSA-N,Sca117389
Integrin alpha chain family,ITA4,LLULTILUFGKYFX-PXLJZGITSA-N,Sca103728
Integrin alpha chain family,ITA4,NVSWYFNJDUCDCI-SFTDATJTSA-N,Sca92681
Integrin alpha chain family,ITA4,HVYQTZIUJILNAJ-DEOSSOPVSA-N,Sca110623
Integrin alpha chain family,ITA4,MONYNIRDTFXWKB-IAXKEJLGSA-N,Sca110623
Integrin alpha chain family,ITA4,HIRZLJKWWPKJHG-VXKWHMMOSA-N,Sca92681
Integrin alpha chain family,ITA4,RNXGBBKKJJGNNS-PMACEKPBSA-N,Sca77872
Integrin alpha chain family,ITA4,ONVNHFRCIGUQMP-FQEVSTJZSA-N,Sca110624
Integrin alpha chain family,ITA4,POPRDNSEBXLJLF-VMPREFPWSA-N,Sca103726
Integrin alpha chain family,ITA4,QISZKMMCJDRPAF-YTFSRNRJSA-N,Sca159922
Integrin alpha chain family,ITA4,WEBZMJPCAJJKTN-NRFANRHFSA-N,Sca110623
Integrin alpha chain family,ITA4,AQFDERFJIWDDCF-NRFANRHFSA-N,Sca110928
Integrin alpha chain family,ITA4,FKXHSLYDCOCXSG-ZEQRLZLVSA-N,Sca103738
Integrin alpha chain family,ITA4,REDKKVINILPCFB-OALUTQOASA-N,Sca92681
Integrin alpha chain family,ITA4,OLNROGQGRXSEDN-XUVXKRRUSA-N,Sca160042
Integrin alpha chain family,ITA4,ZNPQPNSOQCGUTL-NRFANRHFSA-N,Sca110623
Integrin alpha chain family,ITA4,ICYQFAXGIFGNST-PMACEKPBSA-N,Sca92681
Integrin alpha chain family,ITA4,SEBDKUQTAVRLGT-RBZQAINGSA-N,Sca159922
Integrin alpha chain family,ITA4,SEBDKUQTAVRLGT-RBZQAINGSA-N,Sca159996
Integrin alpha chain family,ITA4,BBJDKAQNUQEOHQ-ROUUACIJSA-N,Sca92681
Integrin alpha chain family,ITA4,TVEYZMJRXVGMPY-PMACEKPBSA-N,Sca92681
Integrin alpha chain family,ITA4,NXXULCNLVLCQMW-QPTUXGOLSA-N,Sca159962
Integrin alpha chain family,ITA4,VEWPLVJCTPFFPB-QFIPXVFZSA-N,Sca110623
Integrin alpha chain family,ITA4,VOYBRZYJCDABSR-LXLYTFERSA-N,Sca160066
Integrin alpha chain family,ITA4,CJSJCPSXRGQDKE-KYAQHZTFSA-N,Sca99079
Integrin alpha chain family,ITA4,CWGHGLXCBRDJKD-IBGZPJMESA-N,Sca110904
Integrin alpha chain family,ITA4,IGQAJLNWDRBAAB-SANMLTNESA-N,Sca110622
Integrin alpha chain family,ITA4,RNONHKYHQFSZDY-REWPJTCUSA-N,Sca116197
Integrin alpha chain family,ITA4,LHLHKPCPTPRBAT-ZEQRLZLVSA-N,Sca92681
Integrin alpha chain family,ITA4,CUJUCMOKDGIBMR-ZEQRLZLVSA-N,Sca103738
Integrin alpha chain family,ITA4,SLEPRLLRUJDHNF-NRFANRHFSA-N,Sca110624
Integrin alpha chain family,ITA4,RZTVQLZODGPXAG-FQEVSTJZSA-N,Sca110623
Integrin alpha chain family,ITA4,DWWRBBBYJCGWGH-OPXMRZJTSA-N,Sca117385
Integrin alpha chain family,ITA4,DYQOZATVQQMJJY-QPTUXGOLSA-N,Sca159922
Integrin alpha chain family,ITA4,DYQOZATVQQMJJY-QPTUXGOLSA-N,Sca159996
Integrin alpha chain family,ITA4,AEAYDNFPSLYSOA-UIUQJESISA-N,Sca117391
Integrin alpha chain family,ITA4,UHUMNACSISLLBS-HZXVKSMZSA-N,Sca146175
Integrin alpha chain family,ITA4,YAEVLJNHQBMRGU-ICTDUYRTSA-N,Sca117391
Integrin alpha chain family,ITA4,SRARTUKACIVLMP-YNJKOYDBSA-N,Sca146163
Integrin alpha chain family,ITA4,GKVFPAULNAWNJX-WIIGKZCBSA-N,Sca159912
Integrin alpha chain family,ITA4,SWCNXPKXNIGCDX-SFTDATJTSA-N,Sca77872
Integrin alpha chain family,ITA4,BGUIDBFPVBVYLX-NRFANRHFSA-N,Sca110928
Integrin alpha chain family,ITA4,LTYMJLTXGNXFIQ-VMPREFPWSA-N,Sca103726
Integrin alpha chain family,ITA4,HGUWOMZELHHUQV-QHCPKHFHSA-N,Sca1686
Integrin alpha chain family,ITA4,RJMUZBGFVXULMJ-SMCANUKXSA-N,Sca103726
Integrin alpha chain family,ITA4,XPOXILWLEPQOOH-FQEVSTJZSA-N,Sca110904
Integrin alpha chain family,ITA4,IIABHYNBTSJROG-PMACEKPBSA-N,Sca92681
Integrin alpha chain family,ITA4,RWWRKXWQTNULEA-BGERDNNASA-N,Sca110623
Integrin alpha chain family,ITA4,UOQRUCISSASGLE-VWLOTQADSA-N,Sca110623
Integrin alpha chain family,ITA4,WFRWRDPACMNSEM-PWRODBHTSA-N,Sca159922
Integrin alpha chain family,ITA4,OIGUWMRWUNGANB-QHCPKHFHSA-N,Sca110623
Integrin alpha chain family,ITA4,QGBXCDHCSWUMCT-IBGZPJMESA-N,Sca110624
Integrin alpha chain family,ITA4,BEYSUVLDGBAATA-QTLFVIRPSA-N,Sca99084
Integrin alpha chain family,ITA4,SNMVGQOESNPUOV-ROUUACIJSA-N,Sca92681
Integrin alpha chain family,ITA4,CIIULLSFEQSQLM-WUFINQPMSA-N,Sca103726
Integrin alpha chain family,ITA4,HMAGWXRVRVMHGK-ICDZXHCJSA-N,Sca159922
Integrin alpha chain family,ITA4,HMAGWXRVRVMHGK-ICDZXHCJSA-N,Sca159996
Integrin alpha chain family,ITA4,MYLLZAZDNANPCL-QFIPXVFZSA-N,Sca1686
Integrin alpha chain family,ITA4,RWXLEGJTWXHYFT-PMACEKPBSA-N,Sca92681
Integrin alpha chain family,ITA4,JHBJKRQQEIQKHE-IBGZPJMESA-N,Sca110623
Integrin alpha chain family,ITA4,SUPGBSSFNJDXNH-OXIOLLRCSA-N,Sca120507
Integrin alpha chain family,ITA4,XWUZBYZNZYQJKF-ZEQRLZLVSA-N,Sca92681
Integrin alpha chain family,ITA4,ULIGFGCKRRTCOA-UIOOFZCWSA-N,Sca103731
Integrin alpha chain family,ITA4,CGYFLQMZKNWLEB-XGRCMKMKSA-N,Sca11800
Integrin alpha chain family,ITA4,VSDOKMSXOUYHRM-NSOVKSMOSA-N,Sca103726
Integrin alpha chain family,ITA4,QQBPXAXSFYBAFJ-SFTDATJTSA-N,Sca92681
Integrin alpha chain family,ITA4,UXELCDHPQCTKTR-IBGZPJMESA-N,Sca110904
Integrin alpha chain family,ITA4,JRJYASJXABFMAT-KYJUHHDHSA-N,Sca103726
Integrin alpha chain family,ITA4,MZPKCSOECXTYLC-ICTDUYRTSA-N,Sca117389
Integrin alpha chain family,ITA4,QMJSEFHKEFJHPI-YGOYIFOWSA-N,Sca146167
Integrin alpha chain family,ITA4,NLJJQBFMCWFYIW-PMACEKPBSA-N,Sca92681
Integrin alpha chain family,ITA4,AJRKSLWLFLTFCK-CUNXSJBXSA-N,Sca11800
Integrin alpha chain family,ITA4,TZFKCNHTXQSQLT-NYMACZPPSA-N,Sca146155
Integrin alpha chain family,ITA4,WBCOIWFOZDTSAF-FRXPANAUSA-N,Sca159912
Integrin alpha chain family,ITA4,BPJJOQAMMGQDDF-UHFFFAOYSA-N,Sca117391
Integrin alpha chain family,ITA4,CTRIJHIVZHRDHX-CMOCDZPBSA-N,Sca116174
Integrin alpha chain family,ITA4,ANNOKGXWULWTGK-DQEYMECFSA-N,Sca103733
Integrin alpha chain family,ITA4,IWGNNKVAMHXIPW-ROUUACIJSA-N,Sca92681
Integrin alpha chain family,ITA4,QVHYHKMNKKORNL-NYMACZPPSA-N,Sca146159
Integrin alpha chain family,ITA4,FVAIVLVJBJHRGN-NRFANRHFSA-N,Sca110623
Integrin alpha chain family,ITA4,VLSKTGIWTDJHAN-ICTDUYRTSA-N,Sca146190
Integrin alpha chain family,ITA4,HJAWHIKGQTVOTF-HZXVKSMZSA-N,Sca146171
Integrin alpha chain family,ITA4,ZIZMAANWJMCCKV-MHZHKKNFSA-N,Sca146182
Integrin alpha chain family,ITA4,KXHIBDMMVZVZBW-LSYYVWMOSA-N,Sca103726
Integrin alpha chain family,ITA4,FBKITRIRLKVKDU-SFTDATJTSA-N,Sca116174
Integrin alpha chain family,ITA4,KCHWAIVFBMDFOL-OXIOLLRCSA-N,Sca120507
Integrin alpha chain family,ITA4,BOLRFCDFAQTBDV-MHZHKKNFSA-N,Sca117391
Integrin alpha chain family,ITA4,CTRIJHIVZHRDHX-MYGLTJDJSA-N,Sca116174
Integrin alpha chain family,ITA4,YAUSGTWYQGTRDL-OALUTQOASA-N,Sca77872
Integrin alpha chain family,ITA4,AZWIIFCIAADKFM-PMACEKPBSA-N,Sca92681
Integrin alpha chain family,ITA4,KXZVOFJZEJPONQ-BQSWYOCVSA-N,Sca99082
Integrin alpha chain family,ITA4,JZVURHUDNORTIE-NYMACZPPSA-N,Sca117393
Integrin alpha chain family,ITA4,SFDMPCQUNHHBRT-WUFINQPMSA-N,Sca103751
Integrin alpha chain family,ITA4,OOYFOUHICCOHRQ-CVLSMVSNSA-N,Sca120503
Integrin alpha chain family,ITA4,XWFOQFNTOYPKSS-FQEVSTJZSA-N,Sca110624
Integrin alpha chain family,ITA4,QWIJSVXVEPHLFX-IDPUZZCCSA-N,Sca99077
Integrin alpha chain family,ITA4,ZPNLLELWSXAWRB-RBZQAINGSA-N,Sca159922
Integrin alpha chain family,ITA4,ZPNLLELWSXAWRB-RBZQAINGSA-N,Sca159996
Integrin alpha chain family,ITA4,VWDASDWMYRCPOB-KYJUHHDHSA-N,Sca103740
Integrin alpha chain family,ITA4,WQKGOLGYPXZSSX-QFIPXVFZSA-N,Sca110623
Integrin alpha chain family,ITA4,OIMQYWATTYNADK-OXIOLLRCSA-N,Sca120505
Integrin alpha chain family,ITA4,MUAVLVQNZMLEAP-ICTDUYRTSA-N,Sca146192
Integrin alpha chain family,ITA4,XFVTZTQCGZVSDX-PMACEKPBSA-N,Sca92681
Integrin alpha chain family,ITA4,BOZBYFDEPITTPF-KYJUHHDHSA-N,Sca103726
Integrin alpha chain family,ITA4,GLJNHEQKGADNBQ-VXKWHMMOSA-N,Sca11800
Integrin alpha chain family,ITA4,XUKMLGOSDAVWPM-DQEYMECFSA-N,Sca103737
Integrin alpha chain family,ITA4,VSPGOHCWYWVAIX-NRFANRHFSA-N,Sca110623
Integrin alpha chain family,ITA4,DOJRXKAOYCDVRA-VXKWHMMOSA-N,Sca92681
Integrin alpha chain family,ITA4,AGLXNRRKSIENTD-KRWDZBQOSA-N,Sca110624
Integrin alpha chain family,ITA4,MYVWWHHYGXPOOR-QFIPXVFZSA-N,Sca110623
Integrin alpha chain family,ITA4,ZRZRMFPBYJFMQN-BPARTEKVSA-N,Sca110623
Integrin alpha chain family,ITA4,BTGVFQXCQFVKOT-FQEVSTJZSA-N,Sca110624
Integrin alpha chain family,ITA4,FPQBJCFWZGCTHD-KYJUHHDHSA-N,Sca103726
Integrin alpha chain family,ITA4,DJDNQYHILBKCSK-OALUTQOASA-N,Sca92681
Integrin alpha chain family,ITA4,PQAJPRNIUFHIOE-QFIPXVFZSA-N,Sca110623
Integrin alpha chain family,ITA4,GAMPPXBDIFOQMZ-VMPREFPWSA-N,Sca103726
Integrin alpha chain family,ITA4,ALXNISHJJRZATF-YTMVLYRLSA-N,Sca103726
Integrin alpha chain family,ITA4,TZXKLMVMNJVFHX-SVBPBHIXSA-N,Sca103738
Integrin alpha chain family,ITA4,OIQZAMZTLHTQQB-MDNUFGMLSA-N,Sca160063
Integrin alpha chain family,ITA4,QYLBKXAXCZCWNI-UIOOFZCWSA-N,Sca103733
Integrin alpha chain family,ITA4,DWWRBBBYJCGWGH-YNJKOYDBSA-N,Sca117385
Integrin alpha chain family,ITA4,MOLSBIJQBRSJQZ-MHZHKKNFSA-N,Sca117391
Integrin alpha chain family,ITA4,RPYHKNXKWKZJCZ-YCKQIAHZSA-N,Sca120511
Integrin alpha chain family,ITA4,QEPXZBPJIPFLAZ-OALUTQOASA-N,Sca92681
Integrin alpha chain family,ITA4,RIGBAGKCAINEEX-UHFFFAOYSA-N,Sca117391
Integrin alpha chain family,ITA4,IDUJCWSNHNVWRK-SLTKKEMYSA-N,Sca146179
Integrin alpha chain family,ITA4,GZKJUWNVJUCJGE-IBGZPJMESA-N,Sca110624
Integrin alpha chain family,ITA4,JRYRCJCRZSYGMZ-QHCPKHFHSA-N,Sca110623
Integrin alpha chain family,ITA4,KXDHHOHONIXTFW-SVBPBHIXSA-N,Sca103736
Integrin alpha chain family,ITA4,UIGJZBBMXXMIRM-SFTDATJTSA-N,Sca92681
Integrin alpha chain family,ITA4,WIBDJDYXWICGSX-SFTDATJTSA-N,Sca92681
Integrin alpha chain family,ITA4,ZVYKWIXTSCOLQS-NYMACZPPSA-N,Sca117385
Integrin alpha chain family,ITA4,IXKJOSLEQCGVAX-SFTDATJTSA-N,Sca92681
Integrin alpha chain family,ITA4,CTRIJHIVZHRDHX-INAZGPRKSA-N,Sca116174
Integrin alpha chain family,ITA4,WRDAJCAOSGLLQW-SFTDATJTSA-N,Sca92681
Integrin alpha chain family,ITA4,WSLYGTJBLAWGMH-UPRLRBBYSA-N,Sca159990
Integrin alpha chain family,ITA4,FQJKZZROWKIEKJ-QFIPXVFZSA-N,Sca110623
Integrin alpha chain family,ITA4,FIDSZJIEJDCVCK-UIOOFZCWSA-N,Sca103742
Integrin alpha chain family,ITA4,BXUFJUMJIGONEH-CPESWEKQSA-N,Sca146186
Integrin alpha chain family,ITA4,FHRCPGGLVYYPQM-GOTSBHOMSA-N,Sca92681
Integrin alpha chain family,ITA4,HYXDOLUWKMWHER-ROUUACIJSA-N,Sca92681
Integrin alpha chain family,ITA4,VVZGYMGXVWZKDS-QHCPKHFHSA-N,Sca110623
Integrin alpha chain family,ITA4,CFXNSLXHWYNOJM-YTMVLYRLSA-N,Sca103726
Integrin alpha chain family,ITA4,JKNAIRNASBFJCR-JDXGNMNLSA-N,Sca103726
Integrin alpha chain family,ITA4,KDGCHSNISWPLLL-RBZQAINGSA-N,Sca159922
Integrin alpha chain family,ITA4,KDGCHSNISWPLLL-RBZQAINGSA-N,Sca159996
Integrin alpha chain family,ITA4,WKOSSYRAWDMPBE-VMPREFPWSA-N,Sca103726
"Protein kinase superfamily, CAMK Ser/Thr protein kinase family",TSSK3,WVYPOHDPGYBAGO-UONOGXRCSA-N,Sca32347
Secreted frizzled-related protein (sFRP) family,SFRP1,KHJCNXWNUWJMQA-UHFFFAOYSA-N,Sca120451
Secreted frizzled-related protein (sFRP) family,SFRP1,SJYCJTGBSSKKBW-UHFFFAOYSA-N,Sca998
Secreted frizzled-related protein (sFRP) family,SFRP1,LXMVIRZQJKZCNH-SANMLTNESA-N,Sca120494
Secreted frizzled-related protein (sFRP) family,SFRP1,OFNCRSCSSBSRLH-QFIPXVFZSA-N,Sca120495
Secreted frizzled-related protein (sFRP) family,SFRP1,FCXCNDHEICKHMB-QHCPKHFHSA-N,Sca120495
Secreted frizzled-related protein (sFRP) family,SFRP1,KTXPWQMRCCXMLX-UHFFFAOYSA-N,Sca145921
Secreted frizzled-related protein (sFRP) family,SFRP1,PVSIUMMRWKXDQI-UHFFFAOYSA-N,Sca145923
Secreted frizzled-related protein (sFRP) family,SFRP1,YUFZSPIHLDEFRC-UHFFFAOYSA-N,Sca998
Secreted frizzled-related protein (sFRP) family,SFRP1,ORINJDXPCRWIDA-UHFFFAOYSA-N,Sca126949
Secreted frizzled-related protein (sFRP) family,SFRP1,CUKVPVAQKUDUCX-FQEVSTJZSA-N,Sca120495
Secreted frizzled-related protein (sFRP) family,SFRP1,AFFKILKRCQTYFJ-QFIPXVFZSA-N,Sca120497
Secreted frizzled-related protein (sFRP) family,SFRP1,FCXCNDHEICKHMB-HSZRJFAPSA-N,Sca120495
Secreted frizzled-related protein (sFRP) family,SFRP1,OJSUGALSWDZDPW-UHFFFAOYSA-N,Sca120451
Secreted frizzled-related protein (sFRP) family,SFRP1,KFRQUJGHHZKEBM-NRFANRHFSA-N,Sca120495
Secreted frizzled-related protein (sFRP) family,SFRP1,QRRRFXRYQZQTNR-UHFFFAOYSA-N,Sca998
Secreted frizzled-related protein (sFRP) family,SFRP1,SSUGDKOLNYAHSD-UHFFFAOYSA-N,Sca120451
Secreted frizzled-related protein (sFRP) family,SFRP1,IPZIECHJCHUYLR-UHFFFAOYSA-N,Sca120451
Secreted frizzled-related protein (sFRP) family,SFRP1,XVNXQYZVQVAWDS-SANMLTNESA-N,Sca120494
Secreted frizzled-related protein (sFRP) family,SFRP1,XFXVQPUPMFDVMJ-UHFFFAOYSA-N,Sca120451
Secreted frizzled-related protein (sFRP) family,SFRP1,RGUYWJIIGGMBKL-UHFFFAOYSA-N,Sca120451
Secreted frizzled-related protein (sFRP) family,SFRP1,NRLJWPWRBPODBR-VWLOTQADSA-N,Sca120495
Secreted frizzled-related protein (sFRP) family,SFRP1,MJRLIVFDLFBXET-UHFFFAOYSA-N,Sca998
Secreted frizzled-related protein (sFRP) family,SFRP1,ZMBNIOOXNAOASY-UHFFFAOYSA-N,Sca120451
Secreted frizzled-related protein (sFRP) family,SFRP1,JFLCMQLJIGPPDH-QHCPKHFHSA-N,Sca120495
Secreted frizzled-related protein (sFRP) family,SFRP1,CVIGLQTTWLTQEY-QHCPKHFHSA-N,Sca120495
Secreted frizzled-related protein (sFRP) family,SFRP1,ITBGJNVZJBVPLJ-UHFFFAOYSA-N,Sca998
Secreted frizzled-related protein (sFRP) family,SFRP1,JFPHZEPZNXSNSJ-QHCPKHFHSA-N,Sca120495
Secreted frizzled-related protein (sFRP) family,SFRP1,XIZVLGVGWZCHHV-QFIPXVFZSA-N,Sca120495
Secreted frizzled-related protein (sFRP) family,SFRP1,BYFVNIXKNHYYLL-UHFFFAOYSA-N,Sca998
Secreted frizzled-related protein (sFRP) family,SFRP1,WAWYMBXODUTKBX-VWLOTQADSA-N,Sca120536
Secreted frizzled-related protein (sFRP) family,SFRP1,GMKQKEGOSSISFQ-MRXNPFEDSA-N,Sca145948
Secreted frizzled-related protein (sFRP) family,SFRP1,QEZJBOCRIJFLSU-IBGZPJMESA-N,Sca120500
Secreted frizzled-related protein (sFRP) family,SFRP1,AERQFFVIPCVLOX-UHFFFAOYSA-N,Sca145942
Secreted frizzled-related protein (sFRP) family,SFRP1,SCZIDLPYDKQSDR-QFIPXVFZSA-N,Sca120495
Secreted frizzled-related protein (sFRP) family,SFRP1,NXZLEGQRQRCEMR-UHFFFAOYSA-N,Sca120451
Secreted frizzled-related protein (sFRP) family,SFRP1,HRJIEWRZLGFGAR-UHFFFAOYSA-N,Sca120451
Secreted frizzled-related protein (sFRP) family,SFRP1,AELXQWOSRFXARF-UHFFFAOYSA-N,Sca120451
Secreted frizzled-related protein (sFRP) family,SFRP1,MLOSYDVMRNVHCU-UHFFFAOYSA-N,Sca120451
Secreted frizzled-related protein (sFRP) family,SFRP1,GMKQKEGOSSISFQ-INIZCTEOSA-N,Sca145948
Secreted frizzled-related protein (sFRP) family,SFRP1,CMBLTTQIISKVDF-UHFFFAOYSA-N,Sca145945
Secreted frizzled-related protein (sFRP) family,SFRP1,DZZDRRLIAVIQQC-UHFFFAOYSA-N,Sca120451
Secreted frizzled-related protein (sFRP) family,SFRP1,FCMPZNLRTQBTNK-UHFFFAOYSA-N,Sca120451
Secreted frizzled-related protein (sFRP) family,SFRP1,JXGZVPQNJLPIJI-UHFFFAOYSA-N,Sca145923
Secreted frizzled-related protein (sFRP) family,SFRP1,SDSTZLISEIZBEK-UHFFFAOYSA-N,Sca120451
Secreted frizzled-related protein (sFRP) family,SFRP1,IVGIETSLCFMRPI-QHCPKHFHSA-N,Sca120495
Secreted frizzled-related protein (sFRP) family,SFRP1,WNOXBWBWUOWWNS-DEOSSOPVSA-N,Sca120495
Secreted frizzled-related protein (sFRP) family,SFRP1,UEBXCNMAUOGYOC-UHFFFAOYSA-N,Sca120451
Secreted frizzled-related protein (sFRP) family,SFRP1,UTRGFJMADLNFGA-UHFFFAOYSA-N,Sca998
Secreted frizzled-related protein (sFRP) family,SFRP1,HOTXSNGAZNYULY-LJQANCHMSA-N,Sca145948
Secreted frizzled-related protein (sFRP) family,SFRP1,CUKVPVAQKUDUCX-HXUWFJFHSA-N,Sca120495
Secreted frizzled-related protein (sFRP) family,SFRP1,HOTXSNGAZNYULY-IBGZPJMESA-N,Sca145948
Secreted frizzled-related protein (sFRP) family,SFRP1,JKDDYURFOLUIJB-UHFFFAOYSA-N,Sca998
Secreted frizzled-related protein (sFRP) family,SFRP1,NXCMKECHBLCASW-UHFFFAOYSA-N,Sca120451
Secreted frizzled-related protein (sFRP) family,SFRP1,NVMIMPZDKGYUQC-UHFFFAOYSA-N,Sca998
Secreted frizzled-related protein (sFRP) family,SFRP1,KRQSYJIYPLUQBO-UHFFFAOYSA-N,Sca145923
Secreted frizzled-related protein (sFRP) family,SFRP1,MBLSOEXVEPXAFY-UHFFFAOYSA-N,Sca145919
Secreted frizzled-related protein (sFRP) family,SFRP1,IXLRWKPASUYBNA-NDEPHWFRSA-N,Sca120494
Secreted frizzled-related protein (sFRP) family,SFRP1,QWHSQMJRLKQTCQ-MHZLTWQESA-N,Sca120494
Secreted frizzled-related protein (sFRP) family,SFRP1,BJYVJTMJQKDWCY-UHFFFAOYSA-N,Sca145939
Secreted frizzled-related protein (sFRP) family,SFRP1,PQBNFEISXDMHEA-UHFFFAOYSA-N,Sca126949
Secreted frizzled-related protein (sFRP) family,SFRP1,CINMAWWAAKERIH-UHFFFAOYSA-N,Sca998
Secreted frizzled-related protein (sFRP) family,SFRP1,XFTABBDNRWFISL-UHFFFAOYSA-N,Sca145923
Secreted frizzled-related protein (sFRP) family,SFRP1,UEYJJECWJGJDKU-SANMLTNESA-N,Sca120494
Secreted frizzled-related protein (sFRP) family,SFRP1,RIBOGOWWMKNBLE-DEOSSOPVSA-N,Sca120557
Secreted frizzled-related protein (sFRP) family,SFRP1,UXNPRYKJQXSNLA-UHFFFAOYSA-N,Sca146013
Secreted frizzled-related protein (sFRP) family,SFRP1,KSXYQIJYFSNPEV-UHFFFAOYSA-N,Sca145945
"Ubiquitin-activating E1 family, ULA1 subfamily",ULA1,PGAMXUGSHMQFKD-BPAMBQHCSA-N,Sca204839
"Ubiquitin-activating E1 family, ULA1 subfamily",ULA1,PGAMXUGSHMQFKD-BPAMBQHCSA-N,Sca197763
"Ubiquitin-activating E1 family, ULA1 subfamily",ULA1,BGFQHCHLBHLYBO-UHFFFAOYSA-N,Sca78330
"Ubiquitin-activating E1 family, ULA1 subfamily",ULA1,AQGFWBQRVLPCIX-QXGSTGNESA-N,Sca215170
Rho GDI family,GDIR1,ZDUOPDTYYHIXSY-UHFFFAOYSA-N,Sca268444
Rho GDI family,GDIR1,UTVPCECSRXIEDH-UHFFFAOYSA-N,Sca268446
Rho GDI family,GDIR1,CUJPUWSIKWTBRS-UHFFFAOYSA-N,Sca268442
Rho GDI family,GDIR1,ODUYVHAFJTXMAF-UHFFFAOYSA-N,Sca268442
Rho GDI family,GDIR1,RTCFKJVSDGLJAM-UHFFFAOYSA-N,Sca268442
Rho GDI family,GDIR1,HWGXVQXOZZVGKP-UHFFFAOYSA-N,Sca268442
Heat shock protein 70 family,GRP78,DRKBZEJUOBNVRH-TXWYELBGSA-N,Sca257585
Heat shock protein 70 family,HS71A,AFSDNFLWKVMVRB-UHFFFAOYSA-N,Sca109746
Heat shock protein 70 family,HS71A,AFSDNFLWKVMVRB-UHFFFAOYSA-N,Sca138
IL-1 family,IL1RA,HNWIOZGMMTUVKP-LSYYVWMOSA-N,Sca767
"Nuclear hormone receptor family, NR3 subfamily",ERR3,WLKOCYWYAWBGKY-CPNJWEJPSA-N,Sca7
MAGUK family,DLG4,BVNXVJDQOOZPCM-VFFNRDDGSA-N,Sca7
NF-kappa-B inhibitor family,IKBA,VTMJBTAZUZNDBS-UHFFFAOYSA-N,Sca419
NF-kappa-B inhibitor family,IKBA,CELCJNIQYYQLHB-UHFFFAOYSA-N,Sca108614
NF-kappa-B inhibitor family,IKBA,KYPLTYNYSYVGGA-UHFFFAOYSA-N,Sca108614
NOTCH family,NOTC2,DPJSWEWXBIYMHC-VIICAESSSA-N,Sca342
NOTCH family,NOTC3,HPYFEYKGJCBKKX-ZWCUEREDSA-N,Sca861
NOTCH family,NOTC3,RMRHTXFKXWUOFV-ZWDAVXSWSA-N,Sca861
NOTCH family,NOTC3,QOSWTKQCJJCHLE-RWCIVJTCSA-N,Sca343
NOTCH family,NOTC3,DYNTZUXZTDSIOF-MEKIYTOJSA-N,Sca342
NOTCH family,NOTC3,SXLRLXYEBHFPKN-VIICAESSSA-N,Sca342
NOTCH family,NOTC3,CRNVUALZNXEPSA-RWCIVJTCSA-N,Sca342
NOTCH family,NOTC3,DVPMRDQLGGNJPW-LDBYXDLTSA-N,Sca861
NOTCH family,NOTC3,BJFMDMZPJSKEEF-JLRUASKGSA-N,Sca343
NOTCH family,NOTC3,OTUPLGMOMNWEEM-AQOAWAETSA-N,Sca343
NOTCH family,NOTC3,SMTPPNKOJYQIIG-VIICAESSSA-N,Sca342
NOTCH family,NOTC3,XMSPXAZZQLYGPP-UVWWXKGLSA-N,Sca342
NOTCH family,NOTC3,DPJSWEWXBIYMHC-VIICAESSSA-N,Sca342
NOTCH family,NOTC3,AXDPFPZUTDRTAU-FRPAHBMMSA-N,Sca342
NOTCH family,NOTC3,GKQMFTFKNTUDIV-RWCIVJTCSA-N,Sca343
NOTCH family,NOTC3,DGNPZFFWUMSXJB-VIICAESSSA-N,Sca342
NOTCH family,NOTC3,CMVFMWZCQMQNSS-VIICAESSSA-N,Sca342
NOTCH family,NOTC3,XHVDMEMANOFVOM-MEKIYTOJSA-N,Sca342
NOTCH family,NOTC3,MCIWNCZITHCVOD-RWCIVJTCSA-N,Sca342
NOTCH family,NOTC3,WGYNBTCNYOMMNG-HFJQGTKSSA-N,Sca342
NOTCH family,NOTC4,DPJSWEWXBIYMHC-VIICAESSSA-N,Sca342
NOTCH family,NOTC1,MCIWNCZITHCVOD-RWCIVJTCSA-N,Sca342
NOTCH family,NOTC1,DYNTZUXZTDSIOF-MEKIYTOJSA-N,Sca342
NOTCH family,NOTC1,QOSWTKQCJJCHLE-RWCIVJTCSA-N,Sca343
NOTCH family,NOTC1,HPYFEYKGJCBKKX-ZWCUEREDSA-N,Sca861
NOTCH family,NOTC1,SMTPPNKOJYQIIG-VIICAESSSA-N,Sca342
NOTCH family,NOTC1,WGYNBTCNYOMMNG-HFJQGTKSSA-N,Sca342
NOTCH family,NOTC1,CMVFMWZCQMQNSS-VIICAESSSA-N,Sca342
NOTCH family,NOTC1,OTUPLGMOMNWEEM-AQOAWAETSA-N,Sca343
NOTCH family,NOTC1,DPJSWEWXBIYMHC-VIICAESSSA-N,Sca342
NOTCH family,NOTC1,SXLRLXYEBHFPKN-VIICAESSSA-N,Sca342
NOTCH family,NOTC1,XMSPXAZZQLYGPP-UVWWXKGLSA-N,Sca342
NOTCH family,NOTC1,AXDPFPZUTDRTAU-FRPAHBMMSA-N,Sca342
NOTCH family,NOTC1,CRNVUALZNXEPSA-RWCIVJTCSA-N,Sca342
NOTCH family,NOTC1,DGNPZFFWUMSXJB-VIICAESSSA-N,Sca342
NOTCH family,NOTC1,GKQMFTFKNTUDIV-RWCIVJTCSA-N,Sca343
NOTCH family,NOTC1,BJFMDMZPJSKEEF-JLRUASKGSA-N,Sca343
NOTCH family,NOTC1,RMRHTXFKXWUOFV-ZWDAVXSWSA-N,Sca861
NOTCH family,NOTC1,XHVDMEMANOFVOM-MEKIYTOJSA-N,Sca342
"Major facilitator (TC 2.A.1) superfamily, Organic cation transporter (TC 2.A.1.19) family",S22A1,GHXZTYHSJHQHIJ-UHFFFAOYSA-N,Sca7
"Major facilitator (TC 2.A.1) superfamily, Organic cation transporter (TC 2.A.1.19) family",S22AC,LAENDNBFKZKHLA-UHFFFAOYSA-N,Sca335
"Major facilitator (TC 2.A.1) superfamily, Organic cation transporter (TC 2.A.1.19) family",S22AC,JUZGIOQCYDKOQF-UHFFFAOYSA-N,Sca335
"Major facilitator (TC 2.A.1) superfamily, Organic cation transporter (TC 2.A.1.19) family",S22AC,LRIKJKQEONMJCX-UHFFFAOYSA-N,Sca335
"Major facilitator (TC 2.A.1) superfamily, Organic cation transporter (TC 2.A.1.19) family",S22AC,QWHPIJVTUFQZOL-UHFFFAOYSA-N,Sca335
"Major facilitator (TC 2.A.1) superfamily, Organic cation transporter (TC 2.A.1.19) family",S22AC,YITFEEBAJYNNQY-UHFFFAOYSA-N,Sca335
"Major facilitator (TC 2.A.1) superfamily, Organic cation transporter (TC 2.A.1.19) family",S22AC,FIFWKTSDYCQKQO-UHFFFAOYSA-N,Sca335
"Major facilitator (TC 2.A.1) superfamily, Organic cation transporter (TC 2.A.1.19) family",S22AC,WHQCHUCQKNIQEC-UHFFFAOYSA-N,Sca335
"Major facilitator (TC 2.A.1) superfamily, Organic cation transporter (TC 2.A.1.19) family",S22AC,OUIKBAUKQYEGQB-UHFFFAOYSA-N,Sca335
"Major facilitator (TC 2.A.1) superfamily, Organic cation transporter (TC 2.A.1.19) family",S22AC,NGZJITNNZBCMAC-UHFFFAOYSA-N,Sca335
"Major facilitator (TC 2.A.1) superfamily, Organic cation transporter (TC 2.A.1.19) family",S22AC,XQZPJZLYNLGNAL-UHFFFAOYSA-N,Sca335
"Major facilitator (TC 2.A.1) superfamily, Organic cation transporter (TC 2.A.1.19) family",S22AC,FEXBXMFVRKZOOZ-UHFFFAOYSA-N,Sca335
"Major facilitator (TC 2.A.1) superfamily, Organic cation transporter (TC 2.A.1.19) family",S22A3,GHXZTYHSJHQHIJ-UHFFFAOYSA-N,Sca7
"Major facilitator (TC 2.A.1) superfamily, Organic cation transporter (TC 2.A.1.19) family",S22A2,BCGWQEUPMDMJNV-UHFFFAOYSA-N,Sca298
"Major facilitator (TC 2.A.1) superfamily, Organic cation transporter (TC 2.A.1.19) family",S22A2,GHXZTYHSJHQHIJ-UHFFFAOYSA-N,Sca7
"Major facilitator (TC 2.A.1) superfamily, Organic cation transporter (TC 2.A.1.19) family",S22A2,FELGMEQIXOGIFQ-UHFFFAOYSA-N,Sca1077
"Major facilitator (TC 2.A.1) superfamily, Organic cation transporter (TC 2.A.1.19) family",S22A2,YLJREFDVOIBQDA-UHFFFAOYSA-N,Sca2775
ETS family,ERG,PDLXDQOODGXTSQ-UHFFFAOYSA-N,Sca164466
Immunoglobulin superfamily,FCGRN,CWOOKRFILFLASV-MTGNCUGXSA-N,Sca151225
Immunoglobulin superfamily,FCGRN,AJONUWHGRIXLLX-SCOIVGQKSA-N,Sca122568
Immunoglobulin superfamily,FCGRN,WYKYRXRDTYKWKS-MDOMHRAVSA-N,Sca122713
Immunoglobulin superfamily,FCGRN,LKBLHJOWLIGXFE-VVYPNXECSA-N,Sca151291
Immunoglobulin superfamily,FCGRN,FOVBJJGWGDWTDE-YLCXNRQGSA-N,Sca122518
Immunoglobulin superfamily,FCGRN,KDMOSSJUYPQAQO-WXMHCLMHSA-N,Sca151112
Immunoglobulin superfamily,FCGRN,AWJZCTWSNSTNSL-XEHZEODUSA-N,Sca151164
Immunoglobulin superfamily,FCGRN,YNUAWVMAHNXUNN-LEXWUHMVSA-N,Sca122709
Immunoglobulin superfamily,FCGRN,FYNRYPLZXPBKDJ-MRJVFGEUSA-N,Sca151258
Immunoglobulin superfamily,FCGRN,SCSQJZGLKUSLQN-DDYKXYLHSA-N,Sca151269
Immunoglobulin superfamily,FCGRN,LXQNZMOUNDTJSQ-DDYKXYLHSA-N,Sca151236
Immunoglobulin superfamily,FCGRN,XVQSPNCSNCKCMI-PCQLJHSASA-N,Sca151094
Immunoglobulin superfamily,FCGRN,UAGKVIDRFRKEDI-XIVIGCOOSA-N,Sca213701
Immunoglobulin superfamily,FCGRN,GFFSZUTYGTVFIJ-SJGHIIINSA-N,Sca122558
Immunoglobulin superfamily,FCGRN,JEIMZUGCWUMMDE-IOHXCNKMSA-N,Sca151188
Immunoglobulin superfamily,FCGRN,YAVIMENCSPKIEW-CEQWYFBNSA-N,Sca151151
Immunoglobulin superfamily,FCGRN,YUSUJMUGYDVKGK-XLCKGBBFSA-N,Sca151214
Immunoglobulin superfamily,FCGRN,RGGXRDUKCFGKPM-QZEYALEASA-N,Sca213712
Immunoglobulin superfamily,FCGRN,BFRWCVKBSPHHQE-QZVFHPQMSA-N,Sca151201
Immunoglobulin superfamily,FCGRN,GKJCQNBXNUROBJ-MOZDKIGJSA-N,Sca122567
Immunoglobulin superfamily,FCGRN,XJMSSJXEWKKJAD-UBJADOFFSA-N,Sca151280
Immunoglobulin superfamily,FCGRN,GKCNAQLLJFDJQV-FSXZOGRCSA-N,Sca151302
Immunoglobulin superfamily,FCGRN,VQKDVUMXEKQBRJ-BHTBMSJOSA-N,Sca151080
Immunoglobulin superfamily,FCGRN,DFZNYFWFCYPCIR-RTUTXIKTSA-N,Sca151100
Immunoglobulin superfamily,FCGRN,FWVGXRFGTDNWQB-NBXYRGRJSA-N,Sca122731
Immunoglobulin superfamily,FCGRN,PVIYYNJGDLWYSH-YUZQCPTASA-N,Sca151247
Immunoglobulin superfamily,FCGRN,SESMHPMBBHAZKM-PUBHSFPPSA-N,Sca122557
Immunoglobulin superfamily,FCGRN,YKZSQGCXTZLZOS-DSRPWJRPSA-N,Sca151269
Immunoglobulin superfamily,FCGRN,OOPGUWBDBVXBMU-MCJNUYKLSA-N,Sca151313
Immunoglobulin superfamily,FCGRN,VAIDAYMHHSPUQQ-YKLLJAJXSA-N,Sca151280
Immunoglobulin superfamily,FCGRN,ISEDOUIWHCJEGY-MDOMHRAVSA-N,Sca122727
"Immunoglobulin superfamily, FCGR1 family",FCGR1,NIJWTRSAOSNCDN-UHFFFAOYSA-N,Sca221345
Retinoblastoma protein (RB) family,RB,CFJGSVKNNIFWEA-PDGQHHTCSA-N,Sca105581
Retinoblastoma protein (RB) family,RB,CUISPPCDYZFGCY-ZDLGFXPLSA-N,Sca121318
Retinoblastoma protein (RB) family,RB,WYFUXDSMNLVNEA-YVLHZVERSA-N,Sca121463
ASF1 family,ASF1A,UFNBDHGHPMABQB-LZYBPNLTSA-N,Sca110
Adaptor complexes small subunit family,AP2S1,LNEPOXFFQSENCJ-UHFFFAOYSA-N,Sca1217
Adaptor complexes small subunit family,AP2S1,TYHCASABEDBECB-UHFFFAOYSA-N,Sca1680
Adaptor complexes small subunit family,AP2S1,RTYGHICJPBYBFY-UHFFFAOYSA-N,Sca1680
Adaptor complexes small subunit family,AP2S1,AMTKMJBLJKYBIO-UHFFFAOYSA-N,Sca1680
DAMOX/DASOX family,OXDA,ZDHDWGYWUPEHEN-UHFFFAOYSA-N,Sca312
DAMOX/DASOX family,OXDA,BERPCVULMUPOER-UHFFFAOYSA-N,Sca110
DAMOX/DASOX family,OXDA,VKCGMOFYQAEVCP-UHFFFAOYSA-N,Sca1263
DAMOX/DASOX family,OXDA,KRZDWEDLOFEVQC-UHFFFAOYSA-N,Sca312
DAMOX/DASOX family,OXDA,MMAIBGHDBYQYDI-UHFFFAOYSA-N,Sca96
DAMOX/DASOX family,OXDA,JZILLMBFJMBFQR-UHFFFAOYSA-N,Sca312
DAMOX/DASOX family,OXDA,ZYHBNBNPWBZULJ-UHFFFAOYSA-N,Sca312
DAMOX/DASOX family,OXDA,XMEDGBPWEVERPL-UHFFFAOYSA-N,Sca1263
DAMOX/DASOX family,OXDA,QONXDCNKLRKZKF-ZZXKWVIFSA-N,Sca312
DAMOX/DASOX family,OXDA,RPPHASUEWQGCLO-UHFFFAOYSA-N,Sca312
DAMOX/DASOX family,OXDA,YDXOZGMGXDPRQB-UHFFFAOYSA-N,Sca312
DAMOX/DASOX family,OXDA,SGRRWLUYJCYTST-UHFFFAOYSA-N,Sca312
DAMOX/DASOX family,OXDA,LQVOQKJUHJKVFE-UHFFFAOYSA-N,Sca312
DAMOX/DASOX family,OXDA,XKZZYQUOKITTMO-UHFFFAOYSA-N,Sca312
DAMOX/DASOX family,OXDA,QBQMUMMSYHUDFM-UHFFFAOYSA-N,Sca312
DAMOX/DASOX family,OXDA,IKJDIDUPEGBVKA-UHFFFAOYSA-N,Sca110
DAMOX/DASOX family,OXDA,ITVNWQQOJXXTTI-UHFFFAOYSA-N,Sca110
DAMOX/DASOX family,OXDA,XOTMJYKZULIBIT-UHFFFAOYSA-N,Sca312
DAMOX/DASOX family,OXDA,BLEWCUQOJLGDAH-UHFFFAOYSA-N,Sca312
DAMOX/DASOX family,OXDA,MRTSKJFBZYCZPQ-UHFFFAOYSA-N,Sca312
DAMOX/DASOX family,OXDA,ZSDKFSDQDDGDRA-UHFFFAOYSA-N,Sca1263
DAMOX/DASOX family,OXDA,BSGAHEAYDORVHJ-UHFFFAOYSA-N,Sca1263
DAMOX/DASOX family,OXDA,BSGAHEAYDORVHJ-UHFFFAOYSA-N,Sca110
DAMOX/DASOX family,OXDA,VXMITFXRZIEUCJ-UHFFFAOYSA-N,Sca312
DAMOX/DASOX family,OXDA,SJNYFCFQCNCHDD-UHFFFAOYSA-N,Sca110
DAMOX/DASOX family,OXDA,AMXKLTIAOPZORZ-UHFFFAOYSA-N,Sca312
DAMOX/DASOX family,OXDA,ALFVBOOQDNZAAL-UHFFFAOYSA-N,Sca160
DAMOX/DASOX family,OXDA,SIXWFQDVMSRKGD-UHFFFAOYSA-N,Sca160
DAMOX/DASOX family,OXDA,PVOGDSMDLVGPKP-UHFFFAOYSA-N,Sca1263
DAMOX/DASOX family,OXDA,HCUARRIEZVDMPT-UHFFFAOYSA-N,Sca96
DAMOX/DASOX family,OXDA,IEAQWYJSDRWQBA-UHFFFAOYSA-N,Sca375
DAMOX/DASOX family,OXDA,SEPXFZLYPWFMSY-UHFFFAOYSA-N,Sca96
DAMOX/DASOX family,OXDA,GBKJBLSNEGIWJA-UHFFFAOYSA-N,Sca262070
DAMOX/DASOX family,OXDA,XUXZMSAUXVFNPQ-UHFFFAOYSA-N,Sca110
DAMOX/DASOX family,OXDA,XHWGZTLVBYCIOD-UHFFFAOYSA-N,Sca6
DAMOX/DASOX family,OXDA,MFIALBVUWLNEGU-UHFFFAOYSA-N,Sca110
DAMOX/DASOX family,OXDA,JXYKONJPFAHRTG-UHFFFAOYSA-N,Sca96
DAMOX/DASOX family,OXDA,QIRLDCUTLAYUPK-UHFFFAOYSA-N,Sca262070
DAMOX/DASOX family,OXDA,RNPPCNASSDPHSJ-UHFFFAOYSA-N,Sca160
DAMOX/DASOX family,OXDA,BUVVOWPZHFKHNK-UHFFFAOYSA-N,Sca6
DAMOX/DASOX family,OXDA,KSJRGIGUGWMMBD-UHFFFAOYSA-N,Sca262070
DAMOX/DASOX family,OXDA,WRQLISMCPOTYSO-UHFFFAOYSA-N,Sca160
DAMOX/DASOX family,OXDA,OYDQAHODYSAGRS-UHFFFAOYSA-N,Sca262070
DAMOX/DASOX family,OXDA,RKNTXYLPUYAYST-UHFFFAOYSA-N,Sca160
DAMOX/DASOX family,OXDA,BIISEZMDGZUJAP-UHFFFAOYSA-N,Sca262070
DAMOX/DASOX family,OXDA,LDUUJPGOLSYLJZ-UHFFFAOYSA-N,Sca262070
DAMOX/DASOX family,OXDA,NUAPWTCTHSYDCT-UHFFFAOYSA-N,Sca262070
DAMOX/DASOX family,OXDA,KHESVTNQVXIVSP-UHFFFAOYSA-N,Sca508
DAMOX/DASOX family,OXDA,HWINKOAWQWLCBL-UHFFFAOYSA-N,Sca160
DAMOX/DASOX family,OXDA,YXOSTLAVOGHKTR-UHFFFAOYSA-N,Sca262070
DAMOX/DASOX family,OXDA,QIYXDLCDMZKCFU-UHFFFAOYSA-N,Sca262070
DAMOX/DASOX family,OXDA,ULWQHHHSTMVRFZ-UHFFFAOYSA-N,Sca110
DAMOX/DASOX family,OXDA,IGGLKXPOEWPXLI-UHFFFAOYSA-N,Sca508
DAMOX/DASOX family,OXDA,MJSHZASASKWUBV-UHFFFAOYSA-N,Sca262070
DAMOX/DASOX family,OXDA,YKGMBYXABVNRBZ-UHFFFAOYSA-N,Sca6
DAMOX/DASOX family,OXDA,RRZQDCABUJVEJJ-UHFFFAOYSA-N,Sca262070
DAMOX/DASOX family,OXDA,JSSMKIDTDSEMER-UHFFFAOYSA-N,Sca508
DAMOX/DASOX family,OXDA,AYKHZIXAQMKCHB-UHFFFAOYSA-N,Sca312
DAMOX/DASOX family,OXDA,SBNXOZWDXBPGOS-UHFFFAOYSA-N,Sca460
DAMOX/DASOX family,OXDA,BXSVNVJMZAMGGN-UHFFFAOYSA-N,Sca160
DAMOX/DASOX family,OXDA,IUSQWHSWMLHBQZ-UHFFFAOYSA-N,Sca508
DAMOX/DASOX family,OXDA,ZCSJDFBWSBTWPV-UHFFFAOYSA-N,Sca160
DAMOX/DASOX family,OXDA,IOIXDXPZPWZYMM-UHFFFAOYSA-N,Sca110
DAMOX/DASOX family,OXDA,DIUYMCVADDVTRZ-UHFFFAOYSA-N,Sca110
DAMOX/DASOX family,OXDA,AJMZFXUDUORRMI-UHFFFAOYSA-N,Sca508
DAMOX/DASOX family,OXDA,VNDSIERCDSIXQS-UHFFFAOYSA-N,Sca160
DAMOX/DASOX family,OXDA,ICZHAIHQUGBMCM-UHFFFAOYSA-N,Sca262070
DAMOX/DASOX family,OXDA,LYQFMMLJFDMKCI-UHFFFAOYSA-N,Sca262070
DAMOX/DASOX family,OXDA,CUCMYHOPTSUPIM-UHFFFAOYSA-N,Sca117270
DAMOX/DASOX family,OXDA,DIYWXPZODYIZLJ-UHFFFAOYSA-N,Sca262070
DAMOX/DASOX family,OXDA,NRNHMRFPCJTZAW-UHFFFAOYSA-N,Sca1263
DAMOX/DASOX family,OXDA,HOVLWGFSEOFXSR-UHFFFAOYSA-N,Sca508
DAMOX/DASOX family,OXDA,CFZHBOBZIMSELS-UHFFFAOYSA-N,Sca799
DAMOX/DASOX family,OXDA,VVTXBSWKKUAAHP-UHFFFAOYSA-N,Sca312
DAMOX/DASOX family,OXDA,MUCACKKEJRKRBG-UHFFFAOYSA-N,Sca262070
DAMOX/DASOX family,OXDA,URYYPMNVNMBBJN-UHFFFAOYSA-N,Sca769
DAMOX/DASOX family,OXDA,VIODUIIIMLVXNB-UHFFFAOYSA-N,Sca262070
DAMOX/DASOX family,OXDA,LUMJVOCXIGRWEH-UHFFFAOYSA-N,Sca371
DAMOX/DASOX family,OXDA,TURWYTUDTSBMSL-UHFFFAOYSA-N,Sca508
DAMOX/DASOX family,OXDA,PJPIHIBAZHQMCG-UHFFFAOYSA-N,Sca508
DAMOX/DASOX family,OXDA,UEFIHGXLZYYIFA-UHFFFAOYSA-N,Sca262086
DAMOX/DASOX family,OXDA,KTIWGVJMSYYSIS-UHFFFAOYSA-N,Sca262070
DAMOX/DASOX family,OXDA,CZSLHINQRSDCPZ-UHFFFAOYSA-N,Sca110
DAMOX/DASOX family,OXDA,MJKVTPMWOKAVMS-UHFFFAOYSA-N,Sca418
DAMOX/DASOX family,OXDA,PKUFOWPWURPDAE-UHFFFAOYSA-N,Sca799
DAMOX/DASOX family,OXDA,SQBKXZCXQGBSDI-UHFFFAOYSA-N,Sca460
DAMOX/DASOX family,OXDA,BAUHXXRSZJRUOO-UHFFFAOYSA-N,Sca110
DAMOX/DASOX family,OXDA,DJMUHYRXTADHBS-UHFFFAOYSA-N,Sca879
DAMOX/DASOX family,OXDA,JVZDRGNZYCOVSZ-UHFFFAOYSA-N,Sca110
DAMOX/DASOX family,OXDA,WFRTVSXKGTWLRN-UHFFFAOYSA-N,Sca508
DAMOX/DASOX family,OXDA,HJYQKYBNZIVPKM-UHFFFAOYSA-N,Sca262070
DAMOX/DASOX family,OXDA,PMHDSACGRKBACK-UHFFFAOYSA-N,Sca96
DAMOX/DASOX family,OXDA,DNIURSGRFSKVEF-UHFFFAOYSA-N,Sca6
DAMOX/DASOX family,OXDA,DUQTWXDVDOGMRC-UHFFFAOYSA-N,Sca262070
DAMOX/DASOX family,OXDA,OSMAEQLDHFQOHZ-UHFFFAOYSA-N,Sca1263
DAMOX/DASOX family,OXDA,SJAPSPJRTQCDNO-UHFFFAOYSA-N,Sca375
DAMOX/DASOX family,OXDA,ASIKUSSKCRFBKC-UHFFFAOYSA-N,Sca262070
DAMOX/DASOX family,OXDA,JRZSGUBDBHTWCQ-UHFFFAOYSA-N,Sca312
DAMOX/DASOX family,OXDA,JDNFPNLOARNYPO-UHFFFAOYSA-N,Sca262070
DAMOX/DASOX family,OXDA,VGEABQRORWAAST-UHFFFAOYSA-N,Sca110
DAMOX/DASOX family,OXDA,QLECPKDOBXXLQR-UHFFFAOYSA-N,Sca1473
DAMOX/DASOX family,OXDA,VDZXOEURMDIDAM-UHFFFAOYSA-N,Sca262070
DAMOX/DASOX family,OXDA,ZVCKDQAOPDCYIL-UHFFFAOYSA-N,Sca6
DAMOX/DASOX family,OXDA,IYFCASTUNCGVQJ-UHFFFAOYSA-N,Sca262070
IL-2 family,IL2,VNZHOIDQBPFEJU-OAQYLSRUSA-N,Sca30526
IAP family,BIRC8,KMHMGJITTBRABL-AWDZXFJFSA-N,Sca123772
IAP family,BIRC8,YBYZHVZWINISJO-XPSCAIQQSA-N,Sca123771
IAP family,BIRC8,IYOZNYWYRADTNN-CTZQYXLCSA-N,Sca123772
IAP family,BIRC8,KWCRPDVMOUTMME-XPSCAIQQSA-N,Sca123771
IAP family,BIRC8,LTSMFEKJLOPVQW-UQAQOTMJSA-N,Sca123772
IAP family,BIRC8,XBTLZUHJBOBKRG-HCUBDLJJSA-N,Sca116003
2'-deoxynucleoside 5'-phosphate N-hydrolase 1 family,DNPH1,HTIIEYWQBQEJFZ-KREFBHGWSA-N,Sca246023
2'-deoxynucleoside 5'-phosphate N-hydrolase 1 family,DNPH1,HHJQAMYPGXZTHK-VBCUVWSKSA-N,Sca246306
2'-deoxynucleoside 5'-phosphate N-hydrolase 1 family,DNPH1,WPJAMTFEQHCMLU-HALQFCHDSA-N,Sca246302
Toll-like receptor family,TLR4,WXOAKWCJLAFUHM-QNVZYURYSA-N,Sca250771
Toll-like receptor family,TLR4,QIZBIHDCWGVUGP-QJHQUMTCSA-N,Sca1255
Toll-like receptor family,TLR4,HWHNPTUQTILZGI-SVPADUAOSA-N,Sca240620
Toll-like receptor family,TLR4,BAZJQRVHCZIBNP-SVPADUAOSA-N,Sca240616
Toll-like receptor family,TLR4,XWBFZOHZYCQKSC-WWANDTCUSA-N,Sca1255
Toll-like receptor family,TLR4,HZVNAUFWUKDUCD-ZARRYTOOSA-N,Sca240616
Toll-like receptor family,TLR4,JQBYQJNFXRPUGN-SVPADUAOSA-N,Sca240620
Toll-like receptor family,TLR4,GYNZXBBKUMENQJ-UHFFFAOYSA-N,Sca7
Toll-like receptor family,TLR4,RQHFYFFOUMTMEV-QJHQUMTCSA-N,Sca1255
Toll-like receptor family,TLR4,XJOKZFREXUVZMO-SVPADUAOSA-N,Sca240616
Toll-like receptor family,TLR4,CFBFKWASJNXJAE-BIATYSSJSA-N,Sca240620
Toll-like receptor family,TLR4,JCDZPRLIAKNTCX-UHFFFAOYSA-N,Sca1721
Toll-like receptor family,TLR4,KRGQXYUNTMKLCT-BIATYSSJSA-N,Sca240620
Toll-like receptor family,TLR4,MHGBBRCVUIBXAI-AHCIIZGASA-N,Sca240715
Toll-like receptor family,TLR4,LEEIJTHMHDMWLJ-UHFFFAOYSA-N,Sca7
Toll-like receptor family,TLR4,ASSXLIYUENVYMQ-AHCIIZGASA-N,Sca240616
Toll-like receptor family,TLR4,YRRDUQFXVMZGAD-BIATYSSJSA-N,Sca240620
Toll-like receptor family,TLR4,DZOOVERCMBDRSR-QNNMRZDFSA-N,Sca250771
Toll-like receptor family,TLR4,VJKDBRHDGCPRBZ-UHFFFAOYSA-N,Sca7
Toll-like receptor family,TLR4,SNCDHXTYESQSND-KAHCWPQKSA-N,Sca240719
Toll-like receptor family,TLR4,NIBWWMVWEOQYAN-LXRYQADYSA-N,Sca1255
Toll-like receptor family,TLR2,UNILWMWFPHPYOR-KXEYIPSPSA-N,Sca85742
"Amiloride-sensitive sodium channel (TC 1.A.6) family, ASIC3 subfamily",ASIC3,GPXVQHMVAOPWSO-UHFFFAOYSA-N,Sca57014
Peptidase M1 family,ERAP1,QFIZLFVZFOTXHE-OFVILXPXSA-N,Sca767
Peptidase M1 family,ERAP1,HNWIOZGMMTUVKP-LSYYVWMOSA-N,Sca767
Peptidase M1 family,ERAP1,QKFOTLXPIIESQI-IEZKXTBUSA-N,Sca150
Eukaryotic initiation factor 4E family,IF4E,XCCLFPUBQTZIEH-SCFUHWHPSA-N,Sca201374
Eukaryotic initiation factor 4E family,IF4E,MCYZBWKMUOPJOU-UHFFFAOYSA-N,Sca201383
Eukaryotic initiation factor 4E family,IF4E,DKVRNHPCAOHRSI-KQYNXXCUSA-N,Sca201381
Eukaryotic initiation factor 4E family,IF4E,DKVRNHPCAOHRSI-KQYNXXCUSA-N,Sca152719
Eukaryotic initiation factor 4E family,IF4E,DKVRNHPCAOHRSI-KQYNXXCUSA-N,Sca152721
Eukaryotic initiation factor 4E family,IF4E,CNNKPJYFPGUGLQ-UHFFFAOYSA-N,Sca201383
Eukaryotic initiation factor 4E family,IF4E,RHMQELFSDNQEBP-SCFUHWHPSA-N,Sca152718
Eukaryotic initiation factor 4E family,IF4E,ZIPYKPGMJNDUSX-UHFFFAOYSA-N,Sca201383
Eukaryotic initiation factor 4E family,IF4E,QWFXGVANFMDSMH-LSCFUAHRSA-N,Sca152718
Eukaryotic initiation factor 4E family,IF4E,PYFSHRHJFPDMPM-NVQRDWNXSA-N,Sca201379
Eukaryotic initiation factor 4E family,IF4E,OSDHZJVAKUMRCL-LSCFUAHRSA-N,Sca152718
Eukaryotic initiation factor 4E family,IF4E,YCZIVALBOMAUFR-LSCFUAHRSA-N,Sca152718
"Major facilitator superfamily, Sugar transporter (TC 2.A.1.1) family, Glucose transporter subfamily",GTR1,KURMVZVFDHBCQJ-FGBFUVBKSA-N,Sca149
Serpin family,SERPH,UKJVTPVEQLXYPI-WJLJJOJOSA-N,Sca156318
Serpin family,SERPH,WPPHUOBXUDNCMS-FLILSOCVSA-N,Sca220725
Serpin family,SERPH,JGQRJSNHMPUKAI-MHZWONBLSA-N,Sca156307
Serpin family,SERPH,JGQRJSNHMPUKAI-MHZWONBLSA-N,Sca156356
Serpin family,SERPH,UZKBDYAMYHNHFF-XQKNLMOFSA-N,Sca156327
Serpin family,SERPH,UZKBDYAMYHNHFF-XQKNLMOFSA-N,Sca156335
Serpin family,SERPH,KAXYPGFLTITRQB-ZCYNLIDDSA-N,Sca156318
Glucagon family,GIP,CWPADRJBQLPUCB-MCZWQBSQSA-N,Sca110799
Transcription factor STAT family,STA5B,AMYVQFXKGYPZLQ-UHFFFAOYSA-N,Sca130702
Transcription factor STAT family,STA5B,AMYVQFXKGYPZLQ-UHFFFAOYSA-N,Sca235339
Transcription factor STAT family,STA5A,BZSUCLDZAQTFQJ-MSOLQXFVSA-N,Sca137953
Transcription factor STAT family,STA5A,SLCFEJAMCRLYRG-UHFFFAOYSA-N,Sca17997
Transcription factor STAT family,STA5A,PDOQBOJDRPLBQU-QMMMGPOBSA-N,Sca123583
TCF/LEF family,LEF1,BEGZPRLTLFWYBR-UHFFFAOYSA-N,Sca238769
Glycosyl hydrolase 84 family,OGA,XSSWBZATTHQFFN-UHFFFAOYSA-N,Sca1217
Glycosyl hydrolase 84 family,OGA,XPJWMTPRJTUTBX-QCNRFFRDSA-N,Sca160
Glycosyl hydrolase 84 family,OGA,XPJWMTPRJTUTBX-QCNRFFRDSA-N,Sca169
Glycosyl hydrolase 84 family,OGA,XPJWMTPRJTUTBX-QCNRFFRDSA-N,Sca379
Glycosyl hydrolase 84 family,OGA,DRHXTSWSUAJOJZ-FMDGEEDCSA-N,Sca104999
Glycosyl hydrolase 84 family,OGA,KKXBBIBSXXTEOZ-FMDGEEDCSA-N,Sca161018
Glycosyl hydrolase 84 family,OGA,QWOPEBCGKASVQP-QXOHVQIXSA-N,Sca104999
Glycosyl hydrolase 84 family,OGA,HYYWMUDKKSUEQM-UHFFFAOYSA-N,Sca1217
Glycosyl hydrolase 84 family,OGA,PBLNJFVQMUMOJY-JIJAQUFFSA-N,Sca24218
Glycosyl hydrolase 84 family,OGA,PPAIMZHKIXDJRN-FMDGEEDCSA-N,Sca158530
Glycosyl hydrolase 84 family,OGA,ZTUPUNKLDDKVAZ-UHFFFAOYSA-N,Sca1217
"TRAFAC class myosin-kinesin ATPase superfamily, Kinesin family, NCD subfamily",KIFC1,JBGPTABXBVOSBM-UBUADSEMSA-N,Sca35094
"TRAFAC class myosin-kinesin ATPase superfamily, Kinesin family, NCD subfamily",KIFC1,YDGPTQNAUYPLFV-XMMPIXPASA-N,Sca2968
"TRAFAC class myosin-kinesin ATPase superfamily, Kinesin family, NCD subfamily",KIFC1,NITWYWFBQXEHJU-UHFFFAOYSA-N,Sca879
"TRAFAC class myosin-kinesin ATPase superfamily, Kinesin family, NCD subfamily",KIFC1,PKJCNVBPDXZMDO-UHFFFAOYSA-N,Sca249999
"TRAFAC class myosin-kinesin ATPase superfamily, Kinesin family, NCD subfamily",KIFC1,ZEHRNFWJWQMEEQ-UHFFFAOYSA-N,Sca879
"TRAFAC class myosin-kinesin ATPase superfamily, Kinesin family, NCD subfamily",KIFC1,JVBABXCWGNKUHQ-XMMPIXPASA-N,Sca2968
"TRAFAC class myosin-kinesin ATPase superfamily, Kinesin family, NCD subfamily",KIFC1,PMTLKNOARSHUJB-ZJSXRUAMSA-N,Sca250001
"TRAFAC class myosin-kinesin ATPase superfamily, Kinesin family, NCD subfamily",KIFC1,FCNFVEJKQISIMT-UHFFFAOYSA-N,Sca879
"TRAFAC class myosin-kinesin ATPase superfamily, Kinesin family, NCD subfamily",KIFC1,YNKAPRZFCFBVEL-FNORWQNLSA-N,Sca879
"TRAFAC class myosin-kinesin ATPase superfamily, Kinesin family, NCD subfamily",KIFC1,JBGPTABXBVOSBM-OUSLXHSISA-N,Sca35094
"TRAFAC class myosin-kinesin ATPase superfamily, Kinesin family, NCD subfamily",KIFC1,FCNFVEJKQISIMT-RUZDIDTESA-N,Sca879
Phosphoglycerate mutase family,F261,JTNMHAMHIYAFAI-FQEVSTJZSA-N,Sca150974
Phosphoglycerate mutase family,F261,VXVMWRWEKHARRO-QFIPXVFZSA-N,Sca254875
Phosphoglycerate mutase family,F261,ZHZRYPWKMPTDMQ-SANMLTNESA-N,Sca254867
Phosphoglycerate mutase family,F261,VTMZMKMCPQYOPV-QFIPXVFZSA-N,Sca254565
Phosphoglycerate mutase family,F263,KFEALFUIWDTBKJ-QHCPKHFHSA-N,Sca70093
Phosphoglycerate mutase family,F263,AZGKYEZKYHOKCB-FQEVSTJZSA-N,Sca49616
Phosphoglycerate mutase family,F263,NRMHBCGGABGTIL-FQEVSTJZSA-N,Sca49616
Phosphoglycerate mutase family,F263,WBKFBMOXKGKWEK-UHFFFAOYSA-N,Sca254878
Phosphoglycerate mutase family,F263,OOGHGWKBJXQNEJ-QFIPXVFZSA-N,Sca49616
Phosphoglycerate mutase family,F263,VISHOEGWJXXUOW-UHFFFAOYSA-N,Sca150
Phosphoglycerate mutase family,F263,NDIKFKQBWGMLCA-DEOSSOPVSA-N,Sca254872
Phosphoglycerate mutase family,F263,WCOKYGLNANNIJT-UHFFFAOYSA-N,Sca150
Phosphoglycerate mutase family,F263,FIPDFGXVCDUJQL-UHFFFAOYSA-N,Sca150
Phosphoglycerate mutase family,F263,BMZFZTMWBCFKSS-UHFFFAOYSA-N,Sca507
Phosphoglycerate mutase family,F263,YRJNEDUGTKEQSO-DEOSSOPVSA-N,Sca254865
Phosphoglycerate mutase family,F263,MSVRQAUNRZMPBR-UHFFFAOYSA-N,Sca150
Phosphoglycerate mutase family,F263,BYFWRNNQCQLOCH-UHFFFAOYSA-N,Sca150
Phosphoglycerate mutase family,F263,RVTAACJVJXEMFR-UHFFFAOYSA-N,Sca49616
Phosphoglycerate mutase family,F263,VXVMWRWEKHARRO-QFIPXVFZSA-N,Sca254875
Phosphoglycerate mutase family,F263,MGWKYNYHWPBCHJ-VWLOTQADSA-N,Sca254858
Phosphoglycerate mutase family,F263,VJDXFFBSNLNWJD-QFIPXVFZSA-N,Sca254560
Phosphoglycerate mutase family,F263,JTIOFEOXCFFWJI-QFIPXVFZSA-N,Sca254560
Phosphoglycerate mutase family,F263,UJJUKZPBUMCSJZ-BQYQJAHWSA-N,Sca419
Phosphoglycerate mutase family,F263,NEVWOSYUONZQPN-IBGZPJMESA-N,Sca49616
Phosphoglycerate mutase family,F263,LFSWGUMPBIOTFE-UHFFFAOYSA-N,Sca150
Phosphoglycerate mutase family,F263,LXYZIFXILNIABT-QFIPXVFZSA-N,Sca5850
Phosphoglycerate mutase family,F263,UUCVHXXJITYQAQ-FQEVSTJZSA-N,Sca49616
Phosphoglycerate mutase family,F263,ZHZRYPWKMPTDMQ-SANMLTNESA-N,Sca254867
Phosphoglycerate mutase family,F263,OIUUHNYUJDUUHX-DEOSSOPVSA-N,Sca254863
Phosphoglycerate mutase family,F263,JTNMHAMHIYAFAI-FQEVSTJZSA-N,Sca150974
Phosphoglycerate mutase family,F263,COLOVWUHIINYEF-HNNXBMFYSA-N,Sca150
Phosphoglycerate mutase family,F263,PCYHYEFBTFIIEK-QFIPXVFZSA-N,Sca49616
Phosphoglycerate mutase family,F263,FQCDAJQMTHYPRN-UHFFFAOYSA-N,Sca6
Phosphoglycerate mutase family,F263,UCZWHTSRFTVJRI-QHCPKHFHSA-N,Sca139235
Phosphoglycerate mutase family,F262,MGWKYNYHWPBCHJ-VWLOTQADSA-N,Sca254858
Phosphoglycerate mutase family,F262,YRJNEDUGTKEQSO-DEOSSOPVSA-N,Sca254865
Phosphoglycerate mutase family,F262,VXVMWRWEKHARRO-QFIPXVFZSA-N,Sca254875
Phosphoglycerate mutase family,F262,JTNMHAMHIYAFAI-FQEVSTJZSA-N,Sca150974
Phosphoglycerate mutase family,F262,JTIOFEOXCFFWJI-QFIPXVFZSA-N,Sca254560
Phosphoglycerate mutase family,F262,UCZWHTSRFTVJRI-QHCPKHFHSA-N,Sca139235
Phosphoglycerate mutase family,F262,OOGHGWKBJXQNEJ-QFIPXVFZSA-N,Sca49616
Phosphoglycerate mutase family,F262,LXYZIFXILNIABT-QFIPXVFZSA-N,Sca5850
Phosphoglycerate mutase family,F262,NDIKFKQBWGMLCA-DEOSSOPVSA-N,Sca254872
Phosphoglycerate mutase family,F262,OIUUHNYUJDUUHX-DEOSSOPVSA-N,Sca254863
Phosphoglycerate mutase family,F262,ZHZRYPWKMPTDMQ-SANMLTNESA-N,Sca254867
Poly(ADP-ribose) glycohydrolase family,PARG,BKXBQQKGSRLELP-WDBPGAOMSA-N,Sca52668
Poly(ADP-ribose) glycohydrolase family,PARG,NDQDTBCXPOIQGT-UHNJQBFTSA-N,Sca1818
Poly(ADP-ribose) glycohydrolase family,PARG,MWEAKAFRGMFWAV-RREHWXIASA-N,Sca1255
Eukaryotic ribosomal protein eS27 family,RS27,XDEFNAWAKYQBQY-UHFFFAOYSA-N,Sca110
DNA glycosylase MPG family,3MG,GIXWDMTZECRIJT-UHFFFAOYSA-N,Sca67168
DNA glycosylase MPG family,3MG,GIXWDMTZECRIJT-UHFFFAOYSA-N,Sca779
Beta-catenin family,CTNB1,IMVAHFIQCOJFIE-UHFFFAOYSA-N,Sca259030
Rad1 family,RAD1,YSCNMFDFYJUPEF-OWOJBTEDSA-N,Sca7
Type II pantothenate kinase family,PANK1,UNCZUEUPSJKHGB-UHFFFAOYSA-N,Sca166811
Type II pantothenate kinase family,PANK1,DRDDXWWETZGQET-UHFFFAOYSA-N,Sca166811
Type II pantothenate kinase family,PANK1,PHJLFHTWJJRSCL-UHFFFAOYSA-N,Sca166811
Type II pantothenate kinase family,PANK1,QWICXMPYKJTDMV-UHFFFAOYSA-N,Sca166811
Type II pantothenate kinase family,PANK1,RKBKSBWJKXNNQO-UHFFFAOYSA-N,Sca166811
Type II pantothenate kinase family,PANK1,KPXWSWUCPABRIS-UHFFFAOYSA-N,Sca166811
Type II pantothenate kinase family,PANK1,PNJFFNSNXGGCFS-UHFFFAOYSA-N,Sca166811
Type II pantothenate kinase family,PANK3,RJPJWKKLUKHOTG-UHFFFAOYSA-N,Sca68831
Type II pantothenate kinase family,PANK3,MCWVISRVZDGKFF-UHFFFAOYSA-N,Sca598
Type II pantothenate kinase family,PANK3,QWICXMPYKJTDMV-UHFFFAOYSA-N,Sca166811
Type II pantothenate kinase family,PANK3,RKBKSBWJKXNNQO-UHFFFAOYSA-N,Sca166811
Type II pantothenate kinase family,PANK3,KPXWSWUCPABRIS-UHFFFAOYSA-N,Sca166811
Type II pantothenate kinase family,PANK3,UNCZUEUPSJKHGB-UHFFFAOYSA-N,Sca166811
Type II pantothenate kinase family,PANK2,UNCZUEUPSJKHGB-UHFFFAOYSA-N,Sca166811
"Peptidase C19 family, USP10 subfamily",UBP10,AWIVHRPYFSSVOG-UHFFFAOYSA-N,Sca11
Peptidase C19 family,UBP13,AWIVHRPYFSSVOG-UHFFFAOYSA-N,Sca11
"ABC transporter superfamily, ABCA family",ABCA1,CEQZALRKUUZTFE-RCWCRCCRSA-N,Sca255
"ABC transporter superfamily, ABCA family",ABCA1,IDAGENLYTAERSI-UROLWSHUSA-N,Sca255
"ABC transporter superfamily, ABCA family",ABCA1,MJWHRZJTMODKII-KYLBWWCWSA-N,Sca255
"ABC transporter superfamily, ABCA family",ABCA1,OAMZUKDCYLONDM-VRQTWQBTSA-N,Sca255
"ABC transporter superfamily, ABCA family",ABCA1,UWMVUCPWMYUULF-UROLWSHUSA-N,Sca255
"Potassium channel family, C (Shaw) (TC 1.A.1.2) subfamily, Kv3.1/KCNC1 sub-subfamily",KCNC1,WIQRCHMSJFFONW-UHFFFAOYSA-N,Sca7
"Peptidase S1 family, Plasminogen subfamily",HGF,MYPQPZOTEGVVQY-UHFFFAOYSA-N,Sca115186
"Peptidase S1 family, Plasminogen subfamily",HGF,ONSZEUCTVQJHOZ-UHFFFAOYSA-N,Sca115199
"Peptidase S1 family, Plasminogen subfamily",HGF,IKPJWGNTDNCFPS-UHFFFAOYSA-N,Sca115187
"Peptidase S1 family, Plasminogen subfamily",HGF,UVNDVSUMHWZESZ-UHFFFAOYSA-N,Sca115218
"Calycin superfamily, Fatty-acid binding protein (FABP) family",FABPL,MQOBSOSZFYZQOK-UHFFFAOYSA-N,Sca7
"Calycin superfamily, Fatty-acid binding protein (FABP) family",FABPL,RJKFOVLPORLFTN-LEKSSAKUSA-N,Sca1690
"Calycin superfamily, Fatty-acid binding protein (FABP) family",FABPL,RJKFOVLPORLFTN-LEKSSAKUSA-N,Sca125
"Calycin superfamily, Fatty-acid binding protein (FABP) family",FABPL,AAOVKJBEBIDNHE-UHFFFAOYSA-N,Sca343
"Calycin superfamily, Fatty-acid binding protein (FABP) family",FABPL,SBDNJUWAMKYJOX-UHFFFAOYSA-N,Sca7
"Calycin superfamily, Fatty-acid binding protein (FABP) family",FABPL,YMTINGFKWWXKFG-UHFFFAOYSA-N,Sca7
"BZIP family, CNC subfamily",NF2L2,ISIMGBQRFXXNON-FCXRPNKRSA-N,Sca7
Acid ceramidase family,ASAH1,DFKUCUBLDFSSQJ-UHFFFAOYSA-N,Sca1420
Acid ceramidase family,ASAH1,RGKUHRPLIWRTSV-UHFFFAOYSA-N,Sca1473
Acid ceramidase family,ASAH1,BBZFIIUFDXKSHN-UHFFFAOYSA-N,Sca1473
Acid ceramidase family,ASAH1,WXUQCRYZVDSMBW-UHFFFAOYSA-N,Sca1420
"ABC transporter superfamily, ABCB family, Multidrug resistance exporter (TC 3.A.1.201) subfamily",ABCBB,HYAFETHFCAUJAY-UHFFFAOYSA-N,Sca562
"G-protein coupled receptor 1 family, Mas subfamily",MRGX1,ZQRUPFZEQPUPTB-LSLKUGRBSA-N,Sca367
"G-protein coupled receptor 1 family, Mas subfamily",MRGX1,UMKHUSRDQFQHAK-RNJMTYCLSA-N,Sca638
"G-protein coupled receptor 1 family, Mas subfamily",MRGX1,GOEYECACIBFJGZ-NPAGUKBMSA-N,Sca112910
"G-protein coupled receptor 1 family, Mas subfamily",MRGX1,BFLKQEFSKSGPPF-AVGNSLFASA-N,Sca255
"G-protein coupled receptor 1 family, Mas subfamily",MRGX1,IFWGJAXMPXZADJ-UHFFFAOYSA-N,Sca121005
"G-protein coupled receptor 1 family, Mas subfamily",MRGX1,AHWHUDJTTAKVFD-UHFFFAOYSA-N,Sca181056
"G-protein coupled receptor 1 family, Mas subfamily",MRGX1,XBBNZGWNCBWFDK-LKUDQCMESA-N,Sca247644
"G-protein coupled receptor 1 family, Mas subfamily",MRGX1,JGVSHHWPQVGYRT-CVEARBPZSA-N,Sca7
MDM2/MDM4 family,MDM4,OLXCWWYOMPHPKD-SLGGZZICSA-N,Sca45940
MDM2/MDM4 family,MDM4,GNOKPPBYNVBVAK-UNAWLWNYSA-N,Sca179191
MDM2/MDM4 family,MDM4,ZNRVSPZJPHWGPJ-YIRXGZCTSA-N,Sca179192
MDM2/MDM4 family,MDM4,GRFZNWPXNWLSQU-SEYRRILQSA-N,Sca45940
MDM2/MDM4 family,MDM4,IWIUNJXEPOJENS-DTOIXECGSA-N,Sca45940
MDM2/MDM4 family,MDM4,DNNRLXNYLTYSJN-VHAXCVKWSA-N,Sca179191
MDM2/MDM4 family,MDM4,GGDQBGDHZZBTNG-CBIKVEOWSA-N,Sca179182
MDM2/MDM4 family,MDM4,OUYGZUBALGKPPD-PPISHHLESA-N,Sca179192
MDM2/MDM4 family,MDM4,QAXJIYGVPJNQKL-BUWQGHJSSA-N,Sca5112
MDM2/MDM4 family,MDM4,VNNWJAVPNJUCCJ-JFKDMOTFSA-N,Sca179174
MDM2/MDM4 family,MDM4,PCMBDJSSGNXABW-UHFFFAOYSA-N,Sca171870
MDM2/MDM4 family,MDM4,GLLJROCIIOPSCB-MQEOCOHRSA-N,Sca45940
MDM2/MDM4 family,MDM4,ZFYQBPVMECJUBO-GXHLCREISA-N,Sca171868
MDM2/MDM4 family,MDM4,DUNRBPPAHJWCFO-SLGGZZICSA-N,Sca45940
MDM2/MDM4 family,MDM4,CIZKJZBRRSGRND-UHFFFAOYSA-N,Sca171870
MDM2/MDM4 family,MDM4,XFJJAXOQAYVJJR-OLECBNHVSA-N,Sca45940
MDM2/MDM4 family,MDM4,AUKHLGHUBGRGON-UHFFFAOYSA-N,Sca171870
MDM2/MDM4 family,MDM4,BZEOPCATSFOUGA-NCIQRGHISA-N,Sca179191
MDM2/MDM4 family,MDM4,RNDNPIFFEKEHQE-XEJBFJIASA-N,Sca179182
MDM2/MDM4 family,MDM4,JGYFUCWCVSJYBD-VSVLFDTBSA-N,Sca179192
Multi antimicrobial extrusion (MATE) (TC 2.A.66.1) family,S47A1,NCDNCNXCDXHOMX-XGKFQTDJSA-N,Sca21128
Multi antimicrobial extrusion (MATE) (TC 2.A.66.1) family,S47A1,XDRYMKDFEDOLFX-UHFFFAOYSA-N,Sca7
Multi antimicrobial extrusion (MATE) (TC 2.A.66.1) family,S47A1,KKZJGLLVHKMTCM-UHFFFAOYSA-N,Sca1222
Multi antimicrobial extrusion (MATE) (TC 2.A.66.1) family,S47A1,KTUFNOKKBVMGRW-UHFFFAOYSA-N,Sca6474
Multi antimicrobial extrusion (MATE) (TC 2.A.66.1) family,S47A1,GHXZTYHSJHQHIJ-UHFFFAOYSA-N,Sca7
Multi antimicrobial extrusion (MATE) (TC 2.A.66.1) family,S47A1,FELGMEQIXOGIFQ-UHFFFAOYSA-N,Sca1077
Multi antimicrobial extrusion (MATE) (TC 2.A.66.1) family,S47A1,OEBPANQZQGQPHF-UHFFFAOYSA-N,Sca1420
Multi antimicrobial extrusion (MATE) (TC 2.A.66.1) family,S47A1,WKSAUQYGYAYLPV-UHFFFAOYSA-N,Sca369
Peptidase S1 family,HGFA,GWIRLHLNQLEUAV-MLCQCVOFSA-N,Sca371
Peptidase S1 family,HGFA,QCZLVVCFUACPGA-MUGJNUQGSA-N,Sca160
Peptidase S1 family,HGFA,PHPJWSFXNNRMES-QORCZRPOSA-N,Sca150
Peptidase S1 family,HGFA,DVNNDDZBSYOOIJ-UHFFFAOYSA-N,Sca6
Peptidase S1 family,HGFA,UNOVDKDICJRWRT-LJWNLINESA-N,Sca150
Peptidase S1 family,HGFA,CFOQGBUQTOGYKI-UHFFFAOYSA-N,Sca7
Peptidase S1 family,HGFA,LEMRRMFCXFRTIF-OAQYLSRUSA-N,Sca252830
Peptidase S1 family,HGFA,CFSDWWHMXFUPKB-ZJZGAYNASA-N,Sca371
Peptidase S1 family,HGFA,ICWKFRVMKDUCSO-UHFFFAOYSA-N,Sca7
Peptidase S1 family,HGFA,WKFXBFMYZUNDEO-FWEHEUNISA-N,Sca150
Peptidase S1 family,HGFA,KJLKBVQGEXTILS-CQJMVLFOSA-N,Sca371
Peptidase S1 family,HGFA,QNGSZDJLWYVTQN-MLCQCVOFSA-N,Sca160
Peptidase S1 family,HGFA,BSCYVKJQDUSMFJ-CQJMVLFOSA-N,Sca150
Peptidase S1 family,HGFA,MQQNFDZXWVTQEH-UHFFFAOYSA-N,Sca6
PCNA family,PCNA,WFHWLCVJBVCKQV-NSHDSACASA-N,Sca7
"Inositol 1,4,5-trisphosphate 5-phosphatase family",SHIP2,RFZPGNRLOKVZJY-AWEZNQCLSA-N,Sca14610
RASGRP family,GRP1,SIWILCBNYOGJQH-LDADJPATSA-N,Sca150
RASGRP family,GRP1,FKPDQMIETMHJBH-UDWIEESQSA-N,Sca150
RASGRP family,GRP1,DDBJOZVQHUZKJJ-CPNJWEJPSA-N,Sca150
RASGRP family,GRP1,YHESSERBDSKRDZ-DEDYPNTBSA-N,Sca150
RASGRP family,GRP1,ZETICKHKBWHSEB-DEDYPNTBSA-N,Sca150
EBP family,EBPL,ZEWQUBUPAILYHI-UHFFFAOYSA-N,Sca487
EBP family,EBPL,NKANXQFJJICGDU-QPLCGJKRSA-N,Sca263
EBP family,EBPL,RLPUDUUKHKTMJZ-UHFFFAOYSA-N,Sca27590
Apelin family,APEL,SVWSKJCJNAIKNH-MJZUAXFLSA-N,Sca105872
Apelin family,APEL,SEZVZMIKECAWEG-JXWNBHMPSA-N,Sca239224
Apelin family,APEL,ZTLIYGFATXKANY-NARBMPSYSA-N,Sca239231
Apelin family,APEL,LNRBDCYFRSEYCN-WLTNIFSVSA-O,Sca239235
Apelin family,APEL,XXAJFHKETAFVCS-GPPUWUEZSA-N,Sca239239
Apelin family,APEL,GDVCCXXQASCRNH-XWQGWOARSA-O,Sca239242
Apelin family,APEL,KUDFPXVGQHWSJN-NTGUUYCISA-O,Sca239224
Apelin family,APEL,IMFTXRURRZOOOT-GKBSYGSLSA-O,Sca239236
Apelin family,APEL,DNZNOYVGGKZKRX-WLTNIFSVSA-N,Sca248155
Apelin family,APEL,ANLBZWZSJVURRX-WLTNIFSVSA-O,Sca239246
Apelin family,APEL,FIPCFBQOWIGQCK-CFXCWSAJSA-N,Sca239235
Apelin family,APEL,AHTOMUMOXQTHCH-NARBMPSYSA-N,Sca239249
Apelin family,APEL,JGZCVJGERBCVAW-UDAPDHLFSA-N,Sca239244
DNase I family,DNAS1,LGLFFNDHMLKUMI-UHFFFAOYSA-N,Sca23974