ScaID,Target,count(DISTINCT Molecule)
Sca150,BACE1,2
Sca150,EZH2,4
Sca150,5HT2C,32
Sca150,5HT2A,36
Sca150,FAAH1,7
Sca150,MTR1A,32
Sca150,MTR1B,42
Sca150,HPGDS,4
Sca150,LCAP,3
Sca150,ERAP2,3
Sca150,ERAP1,1
Sca150,ST14,4
Sca150,HEPS,4
Sca150,HGFA,4
Sca150,PIN1,1
Sca150,PTK6,2
Sca150,M3K5,1
Sca150,ANDR,28
Sca150,CAH9,5
Sca150,CAH2,9
Sca150,CAH12,7
Sca150,KPCE,5
Sca150,GRP3,5
Sca150,KPCA,6
Sca150,GRP1,5
Sca150,GCR,69
Sca150,PD2R2,81
Sca150,SC6A2,49
Sca150,SC6A4,144
Sca150,HRH4,68
Sca150,ICMT,2
Sca150,GRIA1,2
Sca150,NPFF2,1
Sca150,NPFF1,1
Sca150,LOX5,17
Sca150,AK1C3,12
Sca150,CATK,3
Sca150,CATB,2
Sca150,NPY5R,12
Sca150,PGH2,42
Sca150,PGH1,6
Sca150,B2CL1,1
Sca150,NOS1,4
Sca150,PIM1,2
Sca150,T23O,4
Sca150,HDAC3,4
Sca150,F16P1,5
Sca150,CAH1,9
Sca150,MCR,47
Sca150,PRGR,34
Sca150,CP3A4,2
Sca150,5HT6R,115
Sca150,5HT1B,28
Sca150,5HT2B,43
Sca150,CP1A2,1
Sca150,AA2AR,3
Sca150,CATC,1
Sca150,5HT4R,7
Sca150,FURIN,6
Sca150,PCSK5,1
Sca150,PCSK6,1
Sca150,PCSK7,1
Sca150,PCSK4,1
Sca150,ADRB1,13
Sca150,DPP4,1
Sca150,PYGL,60
Sca150,HRH2,7
Sca150,HRH3,11
Sca150,SC6A3,14
Sca150,MMP14,3
Sca150,MMP1,10
Sca150,NMDE2,1
Sca150,5HT5A,5
Sca150,5HT7R,4
Sca150,AOFA,33
Sca150,PA24A,18
Sca150,CNR2,41
Sca150,CNR1,42
Sca150,CATL1,3
Sca150,PE2R1,1
Sca150,AOFB,19
Sca150,5HT1A,39
Sca150,5HT3A,4
Sca150,MSHR,3
Sca150,MC5R,16
Sca150,DHI1,1
Sca150,TRPV1,2
Sca150,PPARD,2
Sca150,PPARA,2
Sca150,VGFR2,17
Sca150,CMA1,2
Sca150,HDAC1,14
Sca150,PTN1,1
Sca150,CCR4,3
Sca150,BCAT1,1
Sca150,CATS,3
Sca150,MCL1,9
Sca150,BCL2,1
Sca150,HDAC6,10
Sca150,HYEP,1
Sca150,MC4R,23
Sca150,MC3R,10
Sca150,LOX15,5
Sca150,CP2D6,16
Sca150,SIR1,1
Sca150,NTR2,1
Sca150,5HT1D,25
Sca150,ACES,2
Sca150,ADRB2,10
Sca150,ADRB3,8
Sca150,TSPO,96
Sca150,GHSR,1
Sca150,AHR,1
Sca150,F263,7
Sca150,THA,9
Sca150,THB,22
Sca150,IMDH2,7
Sca150,GALR2,3
Sca150,GALR1,4
Sca150,GNRHR,1
Sca150,CAN1,2
Sca150,CCKAR,7
Sca150,CAH7,2
Sca150,CAH14,2
Sca150,PAR4,5
Sca150,HMDH,2
Sca150,NTRK1,1
Sca150,ALDR,12
Sca150,CAH5B,1
Sca150,CAH15,1
Sca150,CAH5A,1
Sca150,CAH6,1
Sca150,GBRA1,6
Sca150,GBRA5,4
Sca150,GBRA2,3
Sca150,EDNRA,3
Sca150,EDNRB,1
Sca150,DRD2,16
Sca150,DRD4,2
Sca150,DRD3,1
Sca150,GRPR,2
Sca150,ITAV,1
Sca150,ACHA9,1
Sca150,ACHA7,2
Sca150,PA2GA,57
Sca150,HDAC2,8
Sca150,MMP2,10
Sca150,DYR1A,16
Sca150,CLK1,17
Sca150,M3K14,5
Sca150,THAS,2
Sca150,PERM,1
Sca150,NMDZ1,2
Sca150,FPPS,1
Sca150,MMP3,1
Sca150,MMP7,1
Sca150,IKKB,1
Sca150,PTH1R,1
Sca150,GASR,3
Sca150,OPRM,12
Sca150,CASP5,1
Sca150,CASP1,1
Sca150,CASP4,1
Sca150,RIPK1,2
Sca150,NK1R,7
Sca150,NK2R,1
Sca150,C11B2,5
Sca150,C11B1,3
Sca150,ECE1,1
Sca150,NEP,1
Sca150,KCNH2,1
Sca150,OPRD,1
Sca150,HRH1,2
Sca150,C3AR,1
Sca150,KIF11,12
Sca150,ACLY,2
Sca150,FABP4,3
Sca150,MDM2,4
Sca150,ADA1B,2
Sca150,ADA1A,1
Sca150,GSK3B,3
Sca150,HDAC5,2
Sca150,HDAC4,2
Sca150,HDAC8,3
Sca150,HDAC7,1
Sca150,HDA11,1
Sca150,HDA10,1
Sca150,HDAC9,1
Sca150,PD2R,9
Sca150,IL8,1
Sca150,NTR1,15
Sca150,GRIK2,1
Sca150,CXCR2,15
Sca150,THRB,2
Sca150,UROK,2
Sca150,TRY1,2
Sca150,PLMN,2
Sca150,TPA,2
Sca150,TDT,1
Sca150,RENI,1
Sca150,AL5AP,2
Sca150,PA2GX,6
Sca150,PA21B,4
Sca150,PA2GD,3
Sca150,PA2GF,3
Sca150,PPARG,1
Sca150,CCR2,1
Sca150,PA2GE,5
Sca150,PA2G5,5
Sca150,PGES2,3
Sca150,PTGES,2
Sca50283,GRP3,1
Sca156318,SERPH,2
Sca220725,SERPH,1
Sca156307,SERPH,1
Sca156356,SERPH,1
Sca156327,SERPH,1
Sca156335,SERPH,1
Sca96067,IF4A1,16
Sca96067,NFKB1,1
Sca96067,TF65,1
Sca96071,IF4A1,16
Sca96071,NFKB1,1
Sca96071,TF65,1
Sca419,ANDR,17
Sca419,HDAC9,1
Sca419,LOX15,4
Sca419,CATB,3
Sca419,5HT4R,1
Sca419,GCR,10
Sca419,F263,1
Sca419,QPCT,4
Sca419,HDAC1,15
Sca419,SEPR,27
Sca419,PPCE,19
Sca419,PAFA,44
Sca419,GRM5,23
Sca419,NPFF2,1
Sca419,NPFF1,1
Sca419,P2Y12,1
Sca419,PDE10,36
Sca419,PDE3A,1
Sca419,PDE4B,5
Sca419,CNR2,27
Sca419,BACE1,6
Sca419,PRGR,1
Sca419,HRH3,3
Sca419,P2RX7,2
Sca419,LOX5,2
Sca419,5HT2B,6
Sca419,OX1R,1
Sca419,LOX12,5
Sca419,HDAC2,1
Sca419,HDAC6,3
Sca419,HDAC3,1
Sca419,HDA10,1
Sca419,ACHA4,1
Sca419,CNR1,1
Sca419,5HT3A,20
Sca419,KPCA,4
Sca419,TF65,4
Sca419,THRB,3
Sca419,TRPV1,13
Sca419,IKBA,1
Sca419,ACHA7,1
Sca419,VGFR2,1
Sca419,MCHR1,57
Sca419,PD2R2,2
Sca419,CCR4,1
Sca419,THB,1
Sca419,THA,1
Sca419,5HT2C,9
Sca419,5HT2A,5
Sca419,MCHR2,4
Sca419,ACES,1
Sca419,GRM1,18
Sca419,NOS2,1
Sca419,AOFB,2
Sca419,GSK3B,1
Sca419,CAH2,2
Sca419,CAH12,2
Sca419,CAH9,2
Sca419,CAH14,2
Sca419,SC6A4,21
Sca419,CATL1,3
Sca419,TERT,1
Sca419,AOXA,1
Sca419,CP19A,1
Sca419,HRH1,1
Sca419,CRFR1,31
Sca419,CATH,1
Sca419,TNKS2,10
Sca419,PARP1,3
Sca419,TNKS1,3
Sca419,CP1A2,1
Sca419,ADRB2,1
Sca419,CCR8,4
Sca419,CCR1,2
Sca419,CCR5,1
Sca419,CD38,9
Sca419,KCNH2,3
Sca419,PDE5A,3
Sca419,AA1R,1
Sca419,AA2AR,2
Sca419,CP3A4,1
Sca419,ADA17,1
Sca419,MMP2,1
Sca419,EGLN3,1
Sca419,FAS,3
Sca419,NMDZ1,3
Sca419,BKRB2,9
Sca419,PDE4A,4
Sca419,PDE4C,2
Sca419,PDE4D,2
Sca419,HNMT,1
Sca419,CP2D6,2
Sca419,M3K8,2
Sca419,CP2J2,1
Sca419,EGFR,2
Sca419,ADRB1,1
Sca419,DRD2,1
Sca419,HRH4,1
Sca419,5HT1B,1
Sca419,DYR1B,1
Sca419,DYR1A,1
Sca419,LPAR3,1
Sca419,LPAR1,1
Sca419,LRRK2,1
Sca419,PYRD,6
Sca419,ESR1,11
Sca419,ESR2,19
Sca419,ERR2,5
Sca419,ERR1,6
Sca419,TSPO,3
Sca419,DPP4,11
Sca419,CSF1R,1
Sca108614,TF65,5
Sca108614,IKBA,2
Sca206853,CD2,1
Sca206849,CD2,1
Sca124090,CD22,1
Sca124101,CD22,3
Sca124093,CD22,1
Sca124096,CD22,1
Sca143031,CD22,1
Sca124094,CD22,1
Sca4612,LANC2,1
Sca4612,CAH2,1
Sca4612,CAH6,1
Sca4612,NR1I2,1
Sca105872,APEL,1
Sca239224,APEL,2
Sca239231,APEL,1
Sca239235,APEL,2
Sca239239,APEL,1
Sca239242,APEL,1
Sca239236,APEL,1
Sca248155,APEL,1
Sca239246,APEL,1
Sca239249,APEL,1
Sca239244,APEL,1
Sca234549,VGFR2,9
Sca234549,TIE2,1
Sca234549,PDGFB,1
Sca234549,PDGFA,1
Sca234549,RAF1,1
Sca234549,AURKB,1
Sca234549,MK14,1
Sca234549,BRAF,1
Sca234549,GSK3B,1
Sca234549,FGFR3,1
Sca30526,IL2,1
Sca68747,CO3,2
Sca68626,CO3,1
Sca37540,CO3,4
Sca37540,MC4R,1
Sca29396,CO3,1
Sca68768,CO3,1
Sca198736,VEGFA,4
Sca7,BACE1,49
Sca7,GLSK,2
Sca7,PE2R4,9
Sca7,HDAC1,67
Sca7,TRY1,23
Sca7,GP139,21
Sca7,LGUL,2
Sca7,RENI,28
Sca7,RXRA,9
Sca7,AOFB,117
Sca7,KCNH2,38
Sca7,ACES,21
Sca7,CAH2,390
Sca7,CCR2,108
Sca7,AOFA,54
Sca7,HDAC6,35
Sca7,HDAC2,22
Sca7,HDAC3,11
Sca7,HDAC8,49
Sca7,TGM2,5
Sca7,F13A,7
Sca7,PARP1,4
Sca7,CAH7,52
Sca7,CAH9,328
Sca7,CAH12,305
Sca7,CNR1,69
Sca7,CAH1,326
Sca7,CAH4,17
Sca7,CAH14,48
Sca7,CAH5A,25
Sca7,RET4,3
Sca7,CATB,36
Sca7,CATD,9
Sca7,I23O1,32
Sca7,CATK,117
Sca7,PROC,4
Sca7,THRB,20
Sca7,GCR,49
Sca7,MCR,31
Sca7,ATS5,5
Sca7,NPY4R,2
Sca7,SGMR1,23
Sca7,CAN1,17
Sca7,GABR1,1
Sca7,LIPE,2
Sca7,KLK3,4
Sca7,CXCR4,2
Sca7,PSB2,4
Sca7,MTLR,1
Sca7,GABT,3
Sca7,GRM5,13
Sca7,KLK1,2
Sca7,ERG7,10
Sca7,FAAH1,65
Sca7,OPRM,105
Sca7,BRAF,1
Sca7,NCEH1,10
Sca7,PDPK1,2
Sca7,TRPV1,249
Sca7,SIR1,2
Sca7,TM11D,12
Sca7,EST2,51
Sca7,EST1,37
Sca7,FURIN,25
Sca7,MTR1A,66
Sca7,MTR1B,79
Sca7,ADRB2,31
Sca7,CHLE,5
Sca7,PDE10,5
Sca7,MMP14,22
Sca7,AHR,6
Sca7,STS,10
Sca7,HYES,27
Sca7,ADA2A,7
Sca7,ACM2,25
Sca7,AOC3,14
Sca7,ADRB1,12
Sca7,ADRB3,10
Sca7,ADA10,2
Sca7,ADA17,43
Sca7,SPHK2,1
Sca7,SPHK1,1
Sca7,FOLH1,21
Sca7,SC6A4,240
Sca7,SC6A3,103
Sca7,SC6A2,135
Sca7,NEC2,1
Sca7,PCSK5,1
Sca7,PCSK6,1
Sca7,NEC1,1
Sca7,GRM4,2
Sca7,MGLL,3
Sca7,F16P1,17
Sca7,CNR2,97
Sca7,AK1C3,18
Sca7,VGFR2,1
Sca7,VGFR1,1
Sca7,VGFR3,1
Sca7,PGFRB,1
Sca7,MMP10,2
Sca7,MMP9,119
Sca7,MMP7,6
Sca7,HDA11,2
Sca7,PPARG,48
Sca7,PPARA,61
Sca7,CAH6,16
Sca7,PYGL,36
Sca7,NPFF1,8
Sca7,NPFF2,5
Sca7,CATL1,69
Sca7,OPRD,90
Sca7,HDAC7,5
Sca7,HDAC9,3
Sca7,HDAC4,11
Sca7,HDAC5,7
Sca7,HDA10,1
Sca7,OPRK,21
Sca7,SC6A5,3
Sca7,CATS,52
Sca7,FFAR1,44
Sca7,THA,60
Sca7,THB,46
Sca7,CP19A,15
Sca7,MMP3,38
Sca7,CCR5,19
Sca7,CCR3,1
Sca7,SSR3,2
Sca7,DHI1,69
Sca7,DCMC,20
Sca7,CASP3,33
Sca7,CASP9,2
Sca7,CASP6,1
Sca7,CASP8,7
Sca7,CASP7,10
Sca7,CASP1,7
Sca7,TRPM8,14
Sca7,TRPA1,9
Sca7,MDR1,18
Sca7,TLR4,3
Sca7,CATH,1
Sca7,CATC,4
Sca7,ACM1,25
Sca7,ADA2B,4
Sca7,ACM4,14
Sca7,ACM3,19
Sca7,5HT2A,32
Sca7,5HT2C,49
Sca7,ADA2C,3
Sca7,NK2R,1
Sca7,ACM5,8
Sca7,DPP4,5
Sca7,PD2R2,91
Sca7,ESR2,27
Sca7,ESR1,33
Sca7,ANDR,109
Sca7,A4,10
Sca7,PSB5,13
Sca7,TRYB1,1
Sca7,PGH2,35
Sca7,NMDE2,11
Sca7,LOX5,72
Sca7,LOX15,6
Sca7,PE2R3,13
Sca7,PE2R1,5
Sca7,PF2R,12
Sca7,MMP1,47
Sca7,ALDR,17
Sca7,CBPB2,2
Sca7,MMP8,22
Sca7,MMP13,48
Sca7,MMP2,138
Sca7,UR2R,8
Sca7,PE2R2,14
Sca7,HPPD,1
Sca7,SGK1,1
Sca7,MMP12,17
Sca7,MMP17,1
Sca7,PLMN,6
Sca7,FA7,11
Sca7,FA11,6
Sca7,FA10,13
Sca7,UROK,2
Sca7,COMT,5
Sca7,BMP1,1
Sca7,NEP,32
Sca7,RARA,2
Sca7,RARG,3
Sca7,RARB,3
Sca7,HRH3,7
Sca7,PYRD,31
Sca7,KDM1A,13
Sca7,PDE4D,6
Sca7,PDE4C,2
Sca7,PDE4B,4
Sca7,PDE4A,2
Sca7,ERR3,1
Sca7,CP2D6,4
Sca7,MCL1,2
Sca7,LIPS,3
Sca7,AK1BA,15
Sca7,CAH5B,18
Sca7,CAH13,7
Sca7,TF,8
Sca7,PTGES,1
Sca7,NOS2,12
Sca7,SCN5A,1
Sca7,NK1R,36
Sca7,SOAT1,51
Sca7,LYAM2,2
Sca7,NK3R,18
Sca7,OPRX,80
Sca7,MCHR1,4
Sca7,AMPN,12
Sca7,S1PR3,12
Sca7,S1PR5,3
Sca7,S1PR4,3
Sca7,TRPM2,1
Sca7,CASPA,1
Sca7,CASP4,1
Sca7,PAI1,1
Sca7,PTPRB,14
Sca7,CAC1B,5
Sca7,S1PR1,12
Sca7,LKHA4,35
Sca7,EGFR,18
Sca7,GLR,2
Sca7,PMYT1,1
Sca7,PRGR,9
Sca7,EGLN1,1
Sca7,PTN1,11
Sca7,MK14,1
Sca7,5HT2B,18
Sca7,DRD3,24
Sca7,CASR,11
Sca7,AOC1,2
Sca7,GPR88,16
Sca7,S22A3,1
Sca7,S22A1,1
Sca7,S22A2,1
Sca7,S47A1,2
Sca7,S47A2,1
Sca7,AA3R,4
Sca7,PA24A,2
Sca7,NR1H3,48
Sca7,NR1H2,43
Sca7,GSTA1,2
Sca7,TSPO,2
Sca7,NR1I2,9
Sca7,RXRG,6
Sca7,RXRB,13
Sca7,CETP,1
Sca7,SCN2A,2
Sca7,TOP2A,1
Sca7,DRD2,20
Sca7,DRD4,22
Sca7,ADA1A,8
Sca7,CAN2,1
Sca7,FPR2,3
Sca7,UCHL3,1
Sca7,KCNB2,1
Sca7,PPARD,26
Sca7,BACE2,7
Sca7,5HT6R,23
Sca7,GRM3,10
Sca7,GRM2,36
Sca7,PGH1,10
Sca7,PTPRA,3
Sca7,CXCR1,8
Sca7,CXCR2,26
Sca7,GRB2,1
Sca7,V1AR,7
Sca7,PPAP,5
Sca7,NR1H4,4
Sca7,GRIA2,2
Sca7,DHB3,2
Sca7,NF2L2,1
Sca7,KMO,2
Sca7,HGFA,2
Sca7,DPOLB,1
Sca7,DPOLA,1
Sca7,RORG,13
Sca7,CP2A6,3
Sca7,MRGX1,1
Sca7,ACE,20
Sca7,C3AR,6
Sca7,DDX3X,1
Sca7,IMDH2,1
Sca7,PPIA,1
Sca7,EBP,5
Sca7,NMDZ1,27
Sca7,FADS1,10
Sca7,CP1A2,16
Sca7,PAR1,11
Sca7,TAAR1,20
Sca7,ERBB2,1
Sca7,KCMA1,8
Sca7,STAT3,1
Sca7,CP1B1,33
Sca7,FFAR4,7
Sca7,AK1C1,13
Sca7,AK1C2,13
Sca7,ADA1D,5
Sca7,ADA1B,7
Sca7,MAP11,1
Sca7,LOX12,3
Sca7,ELNE,18
Sca7,EAA2,18
Sca7,EAA3,10
Sca7,VDR,16
Sca7,MC4R,12
Sca7,MSHR,2
Sca7,MC5R,2
Sca7,MC3R,2
Sca7,GASR,1
Sca7,CAC1C,1
Sca7,CAC1S,1
Sca7,IDE,1
Sca7,NQO2,9
Sca7,CP2B1,1
Sca7,DLG4,1
Sca7,XIAP,1
Sca7,CAH15,5
Sca7,CAH3,1
Sca7,CP2DQ,2
Sca7,ACE2,24
Sca7,SC6A9,3
Sca7,CCKAR,1
Sca7,HRH1,7
Sca7,AK1A1,1
Sca7,5HT1A,4
Sca7,MMP16,4
Sca7,IL8,15
Sca7,KCJ11,1
Sca7,FABPL,3
Sca7,CLTR2,1
Sca7,ABCG2,2
Sca7,PDE5A,1
Sca7,KCNA3,1
Sca7,GPR35,1
Sca7,TA2R,13
Sca7,ATS4,3
Sca7,KCNC1,1
Sca7,LPAR3,2
Sca7,CP2CJ,1
Sca7,PDE7A,2
Sca7,AA2AR,2
Sca7,ERAP2,2
Sca7,LCAP,1
Sca7,PIN1,1
Sca7,PRTN3,8
Sca7,DHB2,1
Sca7,MAP2,4
Sca7,UTS2,1
Sca7,GHSR,13
Sca7,RORA,1
Sca7,MP2K1,33
Sca7,KIF11,35
Sca7,FDFT,31
Sca7,MK01,1
Sca7,CP24A,3
Sca7,CP1A1,37
Sca7,RAD1,1
Sca7,ACHA7,1
Sca7,LCK,1
Sca7,PK3CB,1
Sca7,PK3CA,1
Sca7,AOXA,3
Sca7,TBB3,1
Sca7,SIR3,1
Sca7,CATF,2
Sca7,GRIA4,1
Sca7,5HT7R,8
Sca7,ERG1,2
Sca7,BKRB1,11
Sca7,CA2D1,1
Sca7,NOS1,1
Sca7,DRD5,1
Sca7,DRD1,1
Sca7,GRIK3,1
Sca7,ACACB,2
Sca7,TERT,1
Sca7,PCNA,1
Sca7,5HT1D,1
Sca7,5HT1B,1
Sca7,AA1R,1
Sca7,ACACA,1
Sca7,AL5AP,1
Sca7,SCN9A,1
Sca7,SCN4A,1
Sca7,CBR1,1
Sca833,TAAR1,3
Sca833,ESR2,8
Sca833,ESR1,8
Sca833,PTN1,2
Sca833,MP2K1,19
Sca833,SIR2,3
Sca833,KCNH2,5
Sca833,TRPV1,1
Sca833,MOT1,3
Sca833,SC6A2,1
Sca833,PGH2,1
Sca833,5HT2B,1
Sca833,HRH3,2
Sca833,PE2R3,4
Sca833,PE2R4,4
Sca833,PPARD,1
Sca833,IL8,1
Sca833,ADRB2,6
Sca833,MTR1A,1
Sca833,MTR1B,1
Sca833,TA2R,2
Sca833,DHI1,1
Sca833,ADA1B,3
Sca833,ADA2A,4
Sca833,ADA1D,3
Sca833,ADA2B,3
Sca833,ADA2C,3
Sca833,ADA1A,5
Sca833,CNR2,1
Sca833,MK14,1
Sca833,PTPRA,7
Sca833,SGMR1,1
Sca833,SC6A4,1
Sca833,5HT2C,1
Sca833,NISCH,1
Sca833,5HT2A,1
Sca96,HDAC6,3
Sca96,S1PR1,1
Sca96,S1PR3,1
Sca96,OXDA,5
Sca96,CAH1,3
Sca96,CAH2,3
Sca96,ADA2A,2
Sca96,5HT6R,18
Sca96,HDAC1,4
Sca96,HDAC3,1
Sca96,HDAC8,2
Sca96,HDAC2,1
Sca96,AOFA,1
Sca96,VDR,9
Sca96,I23O1,1
Sca96,ANDR,3
Sca96,PTGES,1
Sca96,HMDH,1
Sca96,TDT,1
Sca96,MK14,1
Sca96,DRD3,3
Sca96,HYEP,1
Sca96,LOX15,9
Sca96,MCR,1
Sca96,GCR,1
Sca96,PRGR,1
Sca96,MTR1A,39
Sca96,MTR1B,41
Sca96,F16P1,5
Sca96,CP2A6,2
Sca96,SC6A4,43
Sca96,SC6A3,16
Sca96,OXER1,4
Sca96,GRIA1,6
Sca96,CAN1,1
Sca96,ADA2C,1
Sca96,5HT2B,14
Sca96,5HT2A,25
Sca96,5HT1B,33
Sca96,5HT1A,12
Sca96,5HT1D,8
Sca96,5HT1E,2
Sca96,5HT7R,8
Sca96,HRH1,1
Sca96,PERM,24
Sca96,MMP3,4
Sca96,MMP2,11
Sca96,CLK3,1
Sca96,CLK1,1
Sca96,DYR1A,1
Sca96,CASP1,5
Sca96,MMP1,13
Sca96,CATC,3
Sca96,5HT2C,24
Sca96,ACE,1
Sca96,ADRB2,3
Sca96,HRH3,1
Sca96,NQO2,2
Sca96,CATL1,2
Sca96,CATS,1
Sca96,PD2R2,1
Sca96,ACHA7,1
Sca96,PYGL,9
Sca96,PA2GA,1
Sca96,DRD2,4
Sca96,MMP8,3
Sca96,MMP9,3
Sca96,ADRB3,2
Sca96,ADRB1,2
Sca96,5HT4R,3
Sca96,NMDZ1,2
Sca96,SC6A2,1
Sca96,MMP7,1
Sca96,5HT5A,2
Sca96,AA3R,1
Sca96,ATS4,1
Sca96,MMP15,1
Sca96,MMP12,1
Sca96,ATS5,1
Sca96,MMP26,1
Sca96,MMP16,1
Sca96,MMP13,1
Sca96,MMP14,1
Sca96,IL8,1
Sca264383,TNFA,2
Sca163817,TNFA,7
Sca163818,TNFA,82
Sca150079,TNFA,42
Sca163870,TNFA,22
Sca264427,TNFA,1
Sca264425,TNFA,1
Sca264434,TNFA,6
Sca163807,TNFA,42
Sca265743,TNFA,3
Sca264364,TNFA,3
Sca264407,TNFA,19
Sca265741,TNFA,1
Sca265734,TNFA,4
Sca265722,TNFA,1
Sca265765,TNFA,2
Sca264357,TNFA,2
Sca164015,TNFA,2
Sca265812,TNFA,1
Sca264360,TNFA,2
Sca163977,TNFA,6
Sca1462,CATB,1
Sca1462,P2RX7,5
Sca1462,SCN9A,4
Sca1462,DPP4,1
Sca1462,DPP9,1
Sca1462,SEPR,2
Sca1462,DPP8,1
Sca1462,TNFA,1
Sca1462,PARP1,5
Sca1462,CNR2,4
Sca1462,HDAC4,2
Sca1462,HDAC1,2
Sca1462,HDAC6,2
Sca1462,PPCE,1
Sca1462,LRRK2,1
Sca163976,TNFA,2
Sca265739,TNFA,2
Sca265737,TNFA,2
Sca264459,TNFA,1
Sca264392,TNFA,1
Sca264372,TNFA,2
Sca265720,TNFA,1
Sca264375,TNFA,1
Sca264399,TNFA,1
Sca264436,TNFA,1
Sca264453,TNFA,1
Sca264369,TNFA,1
Sca265815,TNFA,2
Sca264450,TNFA,1
Sca265753,TNFA,1
Sca265816,TNFA,1
Sca265779,TNFA,1
Sca265809,TNFA,1
Sca264454,TNFA,1
Sca264422,TNFA,1
Sca264410,TNFA,1
Sca264444,TNFA,1
Sca264368,TNFA,1
Sca264382,TNFA,1
Sca264431,TNFA,1
Sca264387,TNFA,1
Sca265805,TNFA,1
Sca264447,TNFA,1
Sca264413,TNFA,1
Sca265763,TNFA,1
Sca265730,TNFA,1
Sca191521,GHRL,1
Sca191450,GHRL,16
Sca191454,GHRL,12
Sca191457,GHRL,1
Sca191539,GHRL,2
Sca191533,GHRL,1
Sca88025,GHRL,3
Sca88025,MTLR,20
Sca191447,GHRL,1
Sca191530,GHRL,1
Sca191455,GHRL,1
Sca191527,GHRL,1
Sca191536,GHRL,1
Sca191525,GHRL,1
Sca201374,IF4E,1
Sca201383,IF4E,3
Sca201381,IF4E,1
Sca152719,IF4E,1
Sca152721,IF4E,1
Sca152718,IF4E,4
Sca201379,IF4E,1
Sca226439,TNKS2,2
Sca226439,WNT3A,2
Sca154353,WNT3A,1
Sca154353,PARP2,1
Sca154353,TNKS2,1
Sca154353,PARP1,1
Sca154353,TNKS1,1
Sca226428,TNKS2,8
Sca226428,WNT3A,3
Sca226437,WNT3A,1
Sca226437,TNKS2,1
Sca226440,TNKS2,4
Sca226440,WNT3A,4
Sca253173,WNT3A,1
Sca253173,GSK3B,1
Sca253173,GSK3A,1
Sca226432,PARP1,1
Sca226432,WNT3A,1
Sca226432,TNKS2,1
Sca226434,TNKS2,1
Sca226434,WNT3A,1
Sca226430,TNKS2,1
Sca226430,WNT3A,1
Sca226445,TNKS2,1
Sca226445,WNT3A,1
Sca136886,WNT3A,1
Sca136886,TNKS1,3
Sca136886,TNKS2,2
Sca308958,WNT3A,2
Sca179902,WNT3A,2
Sca174827,WNT3A,2
Sca165424,WNT3A,2
Sca171472,WNT3A,3
Sca171472,TNKS2,1
Sca165305,WNT3A,3
Sca165305,TNKS2,1
Sca82630,CATS,4
Sca82630,HG2A,2
Sca82919,CATS,2
Sca82919,HG2A,1
Sca82891,CATS,14
Sca82891,HG2A,3
Sca82655,CATS,1
Sca82655,HG2A,1
Sca204839,ULA1,1
Sca204839,UBA6,1
Sca197763,ULA1,1
Sca197763,UBA6,1
Sca244798,PSB8,2
Sca244798,PSB10,1
Sca244798,PSB9,1
Sca240075,PSB8,2
Sca240075,PSB10,1
Sca240075,PSB9,1
Sca98586,CALCA,1
Sca98586,CALRL,1
Sca200478,CALRL,3
Sca200478,CALCA,1
Sca189892,CALRL,3
Sca189892,CALCA,1
Sca6321,CALRL,6
Sca6321,CALCA,2
Sca77536,CALRL,1
Sca77536,CALCA,1
Sca77534,CALCA,1
Sca77534,CALRL,2
Sca189903,CALCA,1
Sca255035,CD38,7
Sca255033,CD38,11
Sca255039,CD38,48
Sca255042,CD38,3
Sca255047,CD38,2
Sca255049,CD38,1
Sca255051,CD38,1
Sca133032,CD38,2
Sca1262,CNR2,7
Sca1262,CNR1,2
Sca1262,CD38,1
Sca1262,DPP4,1
Sca1262,EGLN3,1
Sca1262,5HT4R,1
Sca1262,FAS,7
Sca1262,ANDR,2
Sca1262,ACHA7,1
Sca1262,PDE3A,1
Sca1262,PDE3B,1
Sca1262,LOX5,4
Sca1262,TNKS2,1
Sca1262,CP1A2,1
Sca1262,PARP1,1
Sca1262,TNKS1,1
Sca1262,RORG,2
Sca1262,NR1H2,1
Sca255043,CD38,1
Sca255041,CD38,1
Sca11,CD38,3
Sca11,SYTC,5
Sca11,5HT3A,8
Sca11,PK3CA,4
Sca11,M4K4,15
Sca11,DYR,1
Sca11,OPRM,10
Sca11,HRH4,14
Sca11,EGFR,17
Sca11,UBP10,1
Sca11,UBP13,1
Sca11,ADA1D,1
Sca11,ADA1A,1
Sca11,KCNA5,3
Sca212,CD38,2
Sca212,MMP13,1
Sca212,VGFR2,191
Sca212,PARP1,7
Sca212,PARP3,2
Sca212,EGFR,154
Sca212,FLT3,2
Sca212,MCHR1,2
Sca212,AA2AR,1
Sca212,STAT3,1
Sca212,AA3R,6
Sca212,TRPV1,2
Sca212,5HT3A,5
Sca212,HRH4,2
Sca212,VGFR1,1
Sca212,LCK,2
Sca212,CXCR2,1
Sca212,TYSY,15
Sca212,FOLR2,1
Sca212,S19A1,1
Sca212,PCFT,1
Sca212,FOLR1,1
Sca212,DYR,2
Sca212,PDE1B,3
Sca212,TSPO,28
Sca212,NTR2,1
Sca212,TNKS1,1
Sca212,TNKS2,1
Sca212,BGLR,2
Sca212,PTGES,5
Sca212,HDAC6,2
Sca212,HDAC2,2
Sca212,HDAC1,2
Sca212,HDAC8,2
Sca212,ERBB4,8
Sca212,ERBB2,18
Sca212,ABCG2,4
Sca212,GRM5,3
Sca212,HDA10,1
Sca212,HDAC3,1
Sca212,HDAC5,1
Sca212,HDAC7,1
Sca212,HDAC4,1
Sca212,HDAC9,1
Sca212,HRH3,1
Sca212,SRC,1
Sca212,FADS1,1
Sca212,MK14,1
Sca212,SO2B1,1
Sca157347,XBP1,1
Sca246268,XBP1,2
Sca261797,XBP1,1
Sca264081,XBP1,2
Sca264075,XBP1,1
Sca179257,PLGF,1
Sca179260,PLGF,1
Sca179254,PLGF,1
Sca179251,PLGF,1
Sca179263,PLGF,1
Sca179265,PLGF,4
Sca179226,PLGF,4
Sca179246,PLGF,1
Sca179249,PLGF,1
Sca179270,PLGF,1
Sca161772,TPOR,4
Sca161814,TPOR,1
Sca161771,TPOR,3
Sca161813,TPOR,1
Sca1544,GPR35,1
Sca1544,ALDR,3
Sca1544,TYDP1,1
Sca1544,PIM2,16
Sca1544,PIM1,21
Sca1544,PIM3,3
Sca1544,AOFB,1
Sca1544,CISD1,1
Sca159361,ICAM1,1
Sca159361,ITAL,1
Sca87110,LYAM3,1
Sca87110,LYAM1,1
Sca110623,ITA4,20
Sca92681,ITA4,30
Sca116194,ITA4,1
Sca159922,ITA4,8
Sca159996,ITA4,6
Sca117391,ITA4,7
Sca117389,ITA4,2
Sca103728,ITA4,1
Sca77872,ITA4,3
Sca77872,THRB,1
Sca110624,ITA4,7
Sca103726,ITA4,14
Sca110928,ITA4,2
Sca103738,ITA4,3
Sca160042,ITA4,1
Sca159962,ITA4,1
Sca160066,ITA4,1
Sca99079,ITA4,1
Sca110904,AKT1,3
Sca110904,ITA4,3
Sca110622,ITA4,1
Sca116197,ITA4,1
Sca117385,ITA4,3
Sca146175,ITA4,1
Sca146163,ITA4,1
Sca159912,ITA4,2
Sca1686,TRPV1,5
Sca1686,ITA4,2
Sca99084,ITA4,1
Sca120507,ITA4,2
Sca103731,ITA4,1
Sca11800,ITA4,3
Sca146167,ITA4,1
Sca146155,ITA4,1
Sca116174,ITA4,4
Sca103733,ITA4,2
Sca146159,ITA4,1
Sca146190,ITA4,1
Sca146171,ITA4,1
Sca146182,ITA4,1
Sca99082,ITA4,1
Sca117393,ITA4,1
Sca103751,ITA4,1
Sca120503,ITA4,1
Sca99077,ITA4,1
Sca103740,ITA4,1
Sca120505,ITA4,1
Sca146192,ITA4,1
Sca103737,ITA4,1
Sca160063,ITA4,1
Sca120511,ITA4,1
Sca146179,ITA4,1
Sca103736,ITA4,1
Sca159990,ITA4,1
Sca103742,ITA4,1
Sca146186,ITA4,1
Sca32347,VGFR2,8
Sca32347,FGFR1,8
Sca32347,PGFRB,8
Sca32347,VGFR1,2
Sca32347,CHK1,1
Sca32347,IGF1R,5
Sca32347,DPP4,1
Sca32347,CARM1,4
Sca32347,NPY5R,1
Sca32347,C11B2,27
Sca32347,ACOD1,1
Sca32347,ACOD,1
Sca32347,GRM5,1
Sca32347,MET,2
Sca32347,LRRK2,1
Sca32347,CHK2,1
Sca32347,TSSK3,1
Sca32347,KSYK,1
Sca32347,C11B1,17
Sca120451,SFRP1,16
Sca998,NAMPT,28
Sca998,CP2C9,7
Sca998,PD2R2,2
Sca998,DHI1,2
Sca998,5HT2C,7
Sca998,5HT2A,7
Sca998,CNR2,41
Sca998,SFRP1,10
Sca998,MMP3,1
Sca998,MMP13,2
Sca998,MMP16,1
Sca998,MMP12,3
Sca998,MMP8,2
Sca998,MMP9,4
Sca998,MMP2,2
Sca998,MMP14,1
Sca998,CNR1,3
Sca120494,SFRP1,5
Sca120495,SFRP1,14
Sca145921,SFRP1,1
Sca145923,SFRP1,4
Sca126949,SFRP1,2
Sca120497,SFRP1,1
Sca120536,SFRP1,1
Sca145948,SFRP1,4
Sca120500,SFRP1,1
Sca145942,SFRP1,1
Sca145945,SFRP1,2
Sca145919,SFRP1,1
Sca145939,SFRP1,1
Sca120557,SFRP1,1
Sca146013,SFRP1,1
Sca78330,THRB,1
Sca78330,ULA1,1
Sca215170,ULA1,1
Sca268444,GDIR1,1
Sca268446,GDIR1,1
Sca268442,GDIR1,4
Sca257585,GRP78,1
Sca109746,ACES,1
Sca109746,TIE2,1
Sca109746,EGFR,1
Sca109746,HS71A,1
Sca109746,ALDR,1
Sca109746,CSK21,1
Sca109746,GPR35,1
Sca109746,VGFR2,1
Sca109746,NUAK1,1
Sca138,ACES,1
Sca138,TIE2,1
Sca138,EGFR,1
Sca138,HS71A,1
Sca138,ALDR,1
Sca138,CSK21,1
Sca138,GPR35,1
Sca138,VGFR2,1
Sca138,NUAK1,1
Sca767,ERAP1,2
Sca767,HDAC6,2
Sca767,HDAC1,2
Sca767,HDA11,1
Sca767,HDAC2,2
Sca767,HDAC3,2
Sca767,HDAC8,1
Sca767,HDAC4,1
Sca767,ACES,1
Sca767,LCAP,2
Sca767,ERAP2,1
Sca767,IL1RA,1
Sca342,NOTC3,12
Sca342,NOTC1,12
Sca342,PD2R2,9
Sca342,SCN9A,8
Sca342,NOTC2,1
Sca342,NOTC4,1
Sca342,CCKAR,10
Sca342,GASR,3
Sca861,NOTC1,2
Sca861,NOTC3,3
Sca861,CCKAR,1
Sca343,MGAT2,1
Sca343,MGAT1,1
Sca343,PRGR,1
Sca343,NOTC3,4
Sca343,NOTC1,4
Sca343,HDAC6,2
Sca343,HDAC1,7
Sca343,GBRA1,1
Sca343,GBRA5,1
Sca343,GBRA2,1
Sca343,TSPO,4
Sca343,AA3R,1
Sca343,FABPL,1
Sca335,5HT2C,2
Sca335,5HT2A,4
Sca335,KMO,1
Sca335,ATS4,1
Sca335,ATS5,1
Sca335,SC6A3,4
Sca335,SC6A4,5
Sca335,SC6A2,5
Sca335,AOFA,2
Sca335,TSPO,1
Sca335,PDE4B,2
Sca335,PE2R1,4
Sca335,PIM2,10
Sca335,PIM1,12
Sca335,S22AC,11
Sca335,A4,10
Sca335,ACM3,2
Sca335,ACM1,2
Sca335,HRH1,1
Sca335,MTR1B,9
Sca335,DHI1,1
Sca335,FDFT,1
Sca335,DPP4,1
Sca335,CNR1,1
Sca335,ESR1,19
Sca335,ESR2,23
Sca335,CP19A,1
Sca335,BCAT1,1
Sca335,ALDR,12
Sca335,MAP2,1
Sca335,HRH3,1
Sca335,PE2R4,3
Sca335,MTR1A,8
Sca335,DRD2,5
Sca335,ADA2A,2
Sca335,OX1R,1
Sca335,C11B2,1
Sca335,AOFB,1
Sca335,HDAC8,1
Sca335,HDAC6,1
Sca335,HDAC3,1
Sca335,HDAC2,1
Sca335,HDAC1,1
Sca335,HDA10,1
Sca335,CLK1,1
Sca335,5HT1A,4
Sca335,DRD3,5
Sca335,DRD4,1
Sca335,HRH4,1
Sca335,THAS,4
Sca335,UFO,1
Sca335,FAK1,1
Sca335,ALK,1
Sca335,IGF1R,1
Sca335,SRC,1
Sca335,VGFR2,1
Sca335,MMP12,21
Sca335,CATB,1
Sca335,CATK,3
Sca335,CATS,1
Sca335,PPARG,1
Sca335,PPARD,1
Sca335,SIR1,1
Sca335,5HT2B,2
Sca335,KCNH2,2
Sca335,EBP,1
Sca335,ACM4,1
Sca335,THA,1
Sca335,THB,1
Sca335,CP2CJ,4
Sca335,CP2C9,2
Sca335,MRP1,1
Sca335,EAA2,1
Sca335,CNR2,3
Sca335,MMP13,15
Sca335,ADRB2,1
Sca335,MMP3,1
Sca335,ECE1,1
Sca298,DRD2,2
Sca298,S22A2,1
Sca298,SC6A4,3
Sca298,HRH1,1
Sca298,5HT2A,2
Sca298,SC6A2,5
Sca298,AA3R,1
Sca298,ACM1,1
Sca298,ADA2A,1
Sca298,ADA1A,1
Sca298,5HT2C,1
Sca298,ACM4,1
Sca298,DRD3,1
Sca298,5HT2B,1
Sca298,ADA1D,1
Sca298,ACM5,1
Sca298,ADA2C,1
Sca298,ACM2,1
Sca298,5HT6R,1
Sca298,ACM3,1
Sca298,ADA1B,1
Sca298,ADA2B,1
Sca298,MTR1B,1
Sca298,MTR1A,1
Sca1077,KCNH2,2
Sca1077,S47A2,1
Sca1077,5HT3A,1
Sca1077,5HT2B,1
Sca1077,S22A2,1
Sca1077,S47A1,1
Sca2775,ACES,25
Sca2775,CHLE,10
Sca2775,ACM2,1
Sca2775,S22A2,1
Sca2775,SC6A2,1
Sca2775,AOFA,1
Sca2775,CA2D1,4
Sca164466,SC6A4,2
Sca164466,ERG,1
Sca164466,5HT1B,1
Sca151225,FCGRN,1
Sca122568,FCGRN,1
Sca122713,FCGRN,1
Sca151291,FCGRN,1
Sca122518,FCGRN,1
Sca151112,FCGRN,1
Sca151164,FCGRN,1
Sca122709,FCGRN,1
Sca151258,FCGRN,1
Sca151269,FCGRN,2
Sca151236,FCGRN,1
Sca151094,FCGRN,1
Sca213701,FCGRN,1
Sca122558,FCGRN,1
Sca151188,FCGRN,1
Sca151151,FCGRN,1
Sca151214,FCGRN,1
Sca213712,FCGRN,1
Sca151201,FCGRN,1
Sca122567,FCGRN,1
Sca151280,FCGRN,2
Sca151302,FCGRN,1
Sca151080,FCGRN,1
Sca151100,FCGRN,1
Sca122731,FCGRN,1
Sca151247,FCGRN,1
Sca122557,FCGRN,1
Sca151313,FCGRN,1
Sca122727,FCGRN,1
Sca221345,FCGR1,1
Sca105581,RB,1
Sca121318,RB,1
Sca121463,RB,1
Sca110,TRY1,1
Sca110,CAH9,26
Sca110,CAH1,18
Sca110,RENI,11
Sca110,CNR2,5
Sca110,CATB,1
Sca110,AMPN,4
Sca110,IRAK4,3
Sca110,PDE4D,7
Sca110,PPCE,7
Sca110,DPP4,17
Sca110,CAH2,28
Sca110,CAH12,23
Sca110,CAH7,5
Sca110,CAH13,2
Sca110,CAH6,2
Sca110,CAH4,2
Sca110,CAH14,12
Sca110,GRM5,116
Sca110,NOS1,32
Sca110,NOS2,10
Sca110,SC6A2,40
Sca110,SC6A4,44
Sca110,SC6A3,4
Sca110,TRPV1,61
Sca110,SEPR,11
Sca110,DPP9,2
Sca110,HDAC6,12
Sca110,HDAC2,3
Sca110,PSB5,7
Sca110,MCL1,3
Sca110,GPR88,1
Sca110,CBPB2,1
Sca110,DHI1,4
Sca110,PDE10,2
Sca110,NPY5R,1
Sca110,NTR2,1
Sca110,F16P1,9
Sca110,PD2R2,14
Sca110,MMP1,7
Sca110,CXCR4,1
Sca110,ACACB,12
Sca110,ACACA,2
Sca110,5HT2C,7
Sca110,5HT2A,7
Sca110,NAMPT,4
Sca110,ACM2,2
Sca110,ACM4,2
Sca110,ACM3,2
Sca110,ACM5,2
Sca110,ACM1,2
Sca110,PPARD,7
Sca110,FAAH1,13
Sca110,FOLH1,2
Sca110,KSYK,5
Sca110,HXK4,9
Sca110,CAH5B,4
Sca110,CAH5A,4
Sca110,MP2K1,1
Sca110,HYES,14
Sca110,JAK2,5
Sca110,TYK2,7
Sca110,JAK1,2
Sca110,5HT2B,1
Sca110,ADA2A,1
Sca110,KPCA,5
Sca110,CRFR1,36
Sca110,HRH3,10
Sca110,TKT,4
Sca110,THRB,15
Sca110,HDAC1,7
Sca110,ANDR,74
Sca110,DCMC,4
Sca110,PTPRB,1
Sca110,MK08,11
Sca110,MK09,7
Sca110,FFAR1,2
Sca110,ASF1A,1
Sca110,HDAC9,4
Sca110,EST2,1
Sca110,EST1,1
Sca110,CATK,5
Sca110,HDAC8,2
Sca110,SOAT1,4
Sca110,5HT7R,4
Sca110,CP2A6,22
Sca110,5HT6R,5
Sca110,ELNE,1
Sca110,KCJ11,10
Sca110,CP19A,3
Sca110,CP2CJ,2
Sca110,FKB1A,3
Sca110,CATD,7
Sca110,AOFB,9
Sca110,AOFA,4
Sca110,NR1H2,3
Sca110,NR1H3,2
Sca110,5HT1A,3
Sca110,ADA2C,1
Sca110,FPPS,10
Sca110,OXDA,14
Sca110,RORG,1
Sca110,PSB1,1
Sca110,GRM4,22
Sca110,MK10,3
Sca110,JUN,1
Sca110,ACHA7,4
Sca110,BACE1,1
Sca110,MMP2,9
Sca110,MMP14,2
Sca110,MMP3,1
Sca110,ADA10,1
Sca110,ADA17,1
Sca110,MMP13,2
Sca110,MMP25,1
Sca110,MMP8,2
Sca110,MMP7,1
Sca110,MMP9,1
Sca110,P2RX1,9
Sca110,P2RX3,9
Sca110,P2RX7,1
Sca110,SORT,4
Sca110,RARB,1
Sca110,RARA,1
Sca110,THAS,1
Sca110,ESR2,6
Sca110,ESR1,6
Sca110,HRH4,3
Sca110,SCN9A,2
Sca110,C11B1,2
Sca110,C11B2,10
Sca110,MIF,1
Sca110,PDE7A,2
Sca110,PDE7B,1
Sca110,MCR,1
Sca110,KDM4E,3
Sca110,KDM4C,2
Sca110,KDM5C,2
Sca110,P4HA1,2
Sca110,MAP11,1
Sca110,AA2AR,2
Sca110,KMO,2
Sca110,DPP8,3
Sca110,MMP12,1
Sca110,HMDH,1
Sca110,CATL1,2
Sca110,CATS,5
Sca110,AA1R,8
Sca110,MTR1A,7
Sca110,MTR1B,8
Sca110,PGH2,8
Sca110,RXRA,4
Sca110,TTK,1
Sca110,RS27,1
Sca110,PPARG,25
Sca110,LIPS,1
Sca110,TRPA1,1
Sca110,LKHA4,1
Sca110,AA3R,21
Sca110,CATG,1
Sca110,IKKA,1
Sca110,IKKB,5
Sca110,HRH1,2
Sca110,KCNH2,1
Sca110,PE2R1,1
Sca110,CP2C9,1
Sca110,CP2E1,3
Sca110,CP2D6,1
Sca110,CP2B6,1
Sca110,PADI3,2
Sca110,PADI4,2
Sca110,PADI2,1
Sca110,PADI1,1
Sca110,RAF1,1
Sca110,HDAC3,3
Sca110,MPIP2,1
Sca110,PARP1,6
Sca110,PARP2,4
Sca110,KS6A5,1
Sca110,KS6B1,1
Sca110,ROCK2,4
Sca110,KGP1,1
Sca110,CASP1,5
Sca110,EGLN1,2
Sca110,UROK,12
Sca110,CP1A2,2
Sca110,CP1B1,1
Sca110,ACHA4,2
Sca110,LPAR1,9
Sca110,LPAR3,10
Sca110,VGFR3,4
Sca110,TLR8,3
Sca110,ACES,1
Sca110,HDAC4,3
Sca110,PAFA,7
Sca110,NQO2,2
Sca110,MAP2,1
Sca110,KDM6B,1
Sca110,KDM3A,1
Sca110,HDAC7,1
Sca110,HDAC5,2
Sca110,I23O1,1
Sca110,CAH3,1
Sca110,HDA11,1
Sca110,GRM1,1
Sca110,OXDD,1
Sca110,RXRB,1
Sca110,CNR1,1
Sca110,BKRB1,1
Sca110,NMDE2,4
Sca110,PYRD,2
Sca110,SCNAA,1
Sca110,KS6A3,1
Sca110,ACHA2,1
Sca110,ACHA3,1
Sca1217,ACM3,2
Sca1217,ACM5,2
Sca1217,ACM1,1
Sca1217,CCR1,124
Sca1217,DRD2,35
Sca1217,RET4,12
Sca1217,5HT7R,6
Sca1217,NOS1,3
Sca1217,NK1R,29
Sca1217,SC6A4,82
Sca1217,SL9A1,30
Sca1217,CP2CJ,1
Sca1217,KCNH2,5
Sca1217,5HT2A,9
Sca1217,5HT1A,21
Sca1217,DRD4,12
Sca1217,DRD3,17
Sca1217,HRH1,4
Sca1217,5HT2B,2
Sca1217,DRD1,5
Sca1217,SC6A3,33
Sca1217,DRD5,5
Sca1217,PCP,7
Sca1217,OGA,3
Sca1217,GRM5,4
Sca1217,S1PR2,1
Sca1217,HYES,2
Sca1217,SC6A2,21
Sca1217,5HT6R,23
Sca1217,DPP4,1
Sca1217,SC6A9,1
Sca1217,OPRD,39
Sca1217,OPRM,39
Sca1217,OPRK,28
Sca1217,HDAC1,1
Sca1217,VACHT,7
Sca1217,SGMR1,13
Sca1217,OPRX,17
Sca1217,ACACB,1
Sca1217,HRH3,1
Sca1217,CCR2,3
Sca1217,CATS,1
Sca1217,CATK,1
Sca1217,TRPV1,1
Sca1217,SOAT1,2
Sca1217,MCHR1,12
Sca1217,LIPS,9
Sca1217,MDR1,2
Sca1217,NPFF1,1
Sca1217,ADA1A,3
Sca1217,MMP9,2
Sca1217,ADA17,2
Sca1217,MMP13,1
Sca1217,NMDE2,4
Sca1217,CP2D6,2
Sca1217,EBP,2
Sca1217,AP2S1,1
Sca1217,ACM2,1
Sca1217,ADA2B,1
Sca1217,ADA1D,1
Sca1217,ADA1B,1
Sca1217,ADA2C,1
Sca1680,GRM5,13
Sca1680,GRM1,1
Sca1680,DRD3,143
Sca1680,DRD2,179
Sca1680,5HT2A,71
Sca1680,ADA1B,8
Sca1680,ADA1A,35
Sca1680,RORG,24
Sca1680,5HT1A,165
Sca1680,MGLL,1
Sca1680,FAAH1,3
Sca1680,DRD4,75
Sca1680,5HT7R,90
Sca1680,HXK4,13
Sca1680,GCKR,20
Sca1680,AK1C3,14
Sca1680,CCR1,47
Sca1680,P2Y12,1
Sca1680,S27A1,1
Sca1680,DHI1,47
Sca1680,PDE10,1
Sca1680,PIM2,2
Sca1680,PIM3,2
Sca1680,PIM1,2
Sca1680,SL9A1,1
Sca1680,PPARD,1
Sca1680,5HT2C,27
Sca1680,DRD1,5
Sca1680,SC6A4,61
Sca1680,MMP14,2
Sca1680,MMP1,1
Sca1680,MMP13,3
Sca1680,TAAR1,1
Sca1680,HS90B,6
Sca1680,LKHA4,2
Sca1680,ADA2A,4
Sca1680,SC6A2,6
Sca1680,SC6A3,14
Sca1680,5HT3A,34
Sca1680,CAH12,20
Sca1680,CAH2,18
Sca1680,CAH9,20
Sca1680,CAH1,15
Sca1680,5HT6R,29
Sca1680,HDAC6,2
Sca1680,CATK,15
Sca1680,CATB,10
Sca1680,MMP2,1
Sca1680,ERBB2,1
Sca1680,NK1R,1
Sca1680,ACM3,1
Sca1680,ACM5,1
Sca1680,ACM4,1
Sca1680,ACM1,1
Sca1680,ACM2,1
Sca1680,CATL1,10
Sca1680,CATS,11
Sca1680,CSF1R,1
Sca1680,CAC1G,3
Sca1680,DPP4,7
Sca1680,MDR1,22
Sca1680,TGM2,2
Sca1680,F13A,1
Sca1680,ADA2C,5
Sca1680,PARP1,1
Sca1680,NMDE2,1
Sca1680,MC4R,117
Sca1680,CHK1,1
Sca1680,ADA1D,19
Sca1680,5HT1D,5
Sca1680,5HT2B,4
Sca1680,5HT1B,7
Sca1680,HRH1,6
Sca1680,ADA2B,3
Sca1680,SGMR1,9
Sca1680,RET4,2
Sca1680,CATD,1
Sca1680,KCNH2,2
Sca1680,CCR3,2
Sca1680,TRPV1,3
Sca1680,ANDR,1
Sca1680,SC6A9,26
Sca1680,5HT5A,1
Sca1680,ADRB2,1
Sca1680,ADRB1,1
Sca1680,HRH2,1
Sca1680,CP2D6,3
Sca1680,5HT4R,7
Sca1680,AA2BR,4
Sca1680,LIPS,2
Sca1680,MC5R,15
Sca1680,MC3R,14
Sca1680,ACOD1,1
Sca1680,AP2S1,3
Sca1680,VACHT,1
Sca1680,IGF1R,8
Sca1680,HDAC8,1
Sca1680,HDAC1,1
Sca1680,NPY2R,19
Sca312,SEPR,1
Sca312,OXDA,19
Sca312,GRM5,2
Sca312,THB,5
Sca312,THA,4
Sca312,FAAH1,3
Sca312,JAK2,2
Sca312,TYK2,2
Sca312,JAK1,2
Sca312,JAK3,2
Sca312,ALDR,30
Sca312,CAH12,1
Sca312,CAH1,1
Sca312,CAH9,1
Sca312,CAH2,1
Sca312,PDE4D,1
Sca312,PDE4B,1
Sca312,AHR,1
Sca1263,IDHC,11
Sca1263,PSB5,8
Sca1263,EGLN1,3
Sca1263,CNR1,2
Sca1263,CNR2,10
Sca1263,HXK4,1
Sca1263,HYES,1
Sca1263,PPCE,1
Sca1263,MP2K1,12
Sca1263,CASP1,1
Sca1263,CASP8,1
Sca1263,CASP7,1
Sca1263,CASP3,1
Sca1263,PGH2,3
Sca1263,OXDA,7
Sca1263,THRB,5
Sca1263,CAH14,1
Sca1263,CAH13,1
Sca1263,CAH6,1
Sca1263,CAH5B,1
Sca1263,CAH4,1
Sca1263,CAH9,1
Sca1263,CAH7,1
Sca1263,CAH5A,1
Sca1263,CAH3,1
Sca1263,CAH12,1
Sca1263,HDAC2,3
Sca1263,HDAC9,3
Sca1263,HDAC4,3
Sca1263,HDAC3,6
Sca1263,HDAC1,6
Sca1263,HDAC8,3
Sca1263,HDAC6,6
Sca1263,ALDR,2
Sca1263,ANDR,1
Sca1263,ELNE,3
Sca1263,TRY1,3
Sca1263,PARP1,1
Sca1263,PSB1,3
Sca1263,FA10,1
Sca160,HMOX2,2
Sca160,HGFA,2
Sca160,HEPS,2
Sca160,ST14,2
Sca160,NAMPT,1
Sca160,IDE,3
Sca160,ENASE,1
Sca160,OGA,1
Sca160,HRH4,63
Sca160,CAH9,8
Sca160,CAH2,8
Sca160,CAH12,8
Sca160,CAH1,7
Sca160,HRH3,124
Sca160,QPCT,28
Sca160,GRIA1,2
Sca160,PTGES,3
Sca160,CATK,4
Sca160,CATB,1
Sca160,EGFR,1
Sca160,SSR4,1
Sca160,CP19A,16
Sca160,TAAR1,93
Sca160,ACM1,3
Sca160,ACM5,2
Sca160,ACM2,2
Sca160,HRH1,4
Sca160,PA24A,1
Sca160,FAAH1,2
Sca160,RENI,2
Sca160,HMOX1,6
Sca160,HRH2,4
Sca160,HYES,2
Sca160,DCMC,17
Sca160,CATL1,2
Sca160,CATS,2
Sca160,CP2A6,7
Sca160,CBPB2,16
Sca160,CBPB1,13
Sca160,PTH1R,3
Sca160,NK2R,1
Sca160,ADA2C,5
Sca160,CP2D6,6
Sca160,CP2CJ,5
Sca160,CP1A2,9
Sca160,CP3A4,2
Sca160,ADA2A,8
Sca160,FPPS,2
Sca160,C11B2,39
Sca160,C11B1,44
Sca160,ADA1B,1
Sca160,ADA1A,2
Sca160,ADA2B,1
Sca160,ADA1D,2
Sca160,THAS,4
Sca160,OXDA,9
Sca160,ADA,1
Sca160,CRFR1,1
Sca160,ACOD,1
Sca160,ACOD1,1
Sca160,CP17A,1
Sca160,SOAT1,2
Sca160,MMP7,7
Sca160,MMP1,6
Sca160,MMP3,7
Sca160,S1PR5,15
Sca160,S1PR4,13
Sca160,S1PR1,9
Sca160,S1PR3,7
Sca160,S1PR2,1
Sca160,SL9A1,5
Sca160,HDAC1,6
Sca160,JAK1,1
Sca160,SCNAA,1
Sca160,HDAC7,2
Sca160,HDAC8,2
Sca160,HDAC9,2
Sca160,HDAC6,2
Sca160,HDAC4,2
Sca160,HDAC2,2
Sca160,HDAC3,2
Sca160,HDA10,2
Sca160,HDAC5,2
Sca160,HDA11,2
Sca160,THIO,1
Sca160,CSK22,16
Sca160,CSK21,17
Sca160,CASP1,5
Sca160,ANDR,3
Sca160,DYR1A,1
Sca160,ADRB2,1
Sca160,ADRB1,1
Sca160,CP2C9,1
Sca160,AA1R,1
Sca375,CSF1R,1
Sca375,PSB5,1
Sca375,CAH9,2
Sca375,CAH2,2
Sca375,CAH12,1
Sca375,HRH3,1
Sca375,NOS2,1
Sca375,GRM5,1
Sca375,P2RX7,31
Sca375,ADRB1,3
Sca375,ADRB2,6
Sca375,CP2A6,1
Sca375,PD2R2,1
Sca375,SOAT1,2
Sca375,CP1A2,1
Sca375,PLMN,3
Sca375,HS90A,3
Sca375,HS90B,3
Sca375,CNR2,1
Sca375,HDAC8,1
Sca375,CP2CJ,1
Sca375,HDAC1,1
Sca375,HDAC3,1
Sca375,HDAC6,3
Sca375,HDAC2,1
Sca375,TSPO,6
Sca375,GRIA2,2
Sca375,GRIA3,1
Sca375,GRIA4,1
Sca375,GRIA1,2
Sca375,ACM1,3
Sca375,ACM2,1
Sca375,CAH13,1
Sca375,CAH15,1
Sca375,CAH5A,1
Sca375,CAH1,1
Sca375,CAH6,1
Sca375,CAH7,1
Sca375,PPARA,2
Sca375,OXDA,2
Sca375,FAAH1,1
Sca375,ACHA4,1
Sca375,DCMC,11
Sca375,BRD4,1
Sca375,EDNRA,1
Sca262070,OXDA,23
Sca6,TAAR1,2
Sca6,RENI,2
Sca6,HYES,3
Sca6,OXDA,5
Sca6,CNR2,3
Sca6,PYRD,3
Sca6,ANDR,15
Sca6,CATB,3
Sca6,GBA2,2
Sca6,CEGT,2
Sca6,GLCM,2
Sca6,PSB5,1
Sca6,IDHC,1
Sca6,SC6A3,41
Sca6,SC6A2,51
Sca6,SC6A4,101
Sca6,CP17A,29
Sca6,5HT2C,4
Sca6,CP3A4,4
Sca6,LOX5,53
Sca6,GCR,9
Sca6,MCR,5
Sca6,PRGR,3
Sca6,P2RX3,2
Sca6,ATS5,1
Sca6,ATS4,1
Sca6,HDAC8,3
Sca6,HDAC2,2
Sca6,KLK3,1
Sca6,EGLN1,4
Sca6,SYTC,1
Sca6,P2RX7,2
Sca6,NPFF2,1
Sca6,NPFF1,1
Sca6,CPT1B,1
Sca6,CATK,2
Sca6,HAOX2,1
Sca6,KCNH2,9
Sca6,LOX15,6
Sca6,NCEH1,3
Sca6,CAH2,8
Sca6,CAH9,10
Sca6,CAH12,9
Sca6,CAH1,5
Sca6,PD2R2,3
Sca6,ABCG2,1
Sca6,BGAL,4
Sca6,5HT6R,7
Sca6,ADRB2,6
Sca6,CP19A,6
Sca6,PDE10,1
Sca6,XIAP,1
Sca6,BRAF,2
Sca6,ALDR,4
Sca6,SEPR,4
Sca6,PPCE,2
Sca6,DPP9,1
Sca6,NAAA,3
Sca6,HDAC1,4
Sca6,HDAC5,1
Sca6,HDAC9,1
Sca6,HDAC6,2
Sca6,HDAC3,2
Sca6,HDAC7,1
Sca6,GLRA1,1
Sca6,CASR,8
Sca6,PIN1,6
Sca6,CATC,1
Sca6,THRB,5
Sca6,SGMR1,7
Sca6,OPRD,5
Sca6,CASP1,7
Sca6,ELNE,2
Sca6,QPCT,2
Sca6,SRC,1
Sca6,GP139,1
Sca6,HCAR2,10
Sca6,C11B2,26
Sca6,NQO2,2
Sca6,SIR1,1
Sca6,LIPS,1
Sca6,5HT1B,3
Sca6,HRH3,10
Sca6,SC6A9,8
Sca6,EST1,2
Sca6,ACES,1
Sca6,EST2,1
Sca6,GHSR,7
Sca6,MTR1B,24
Sca6,MTR1A,22
Sca6,TRPV1,3
Sca6,MAP2,2
Sca6,CCR4,7
Sca6,TRYB1,5
Sca6,FUCO,1
Sca6,C1S,1
Sca6,UR2R,3
Sca6,CATS,1
Sca6,CATL1,2
Sca6,C11B1,23
Sca6,ADA2A,1
Sca6,PYGL,29
Sca6,OPRK,1
Sca6,OPRM,3
Sca6,CP1A2,4
Sca6,EGLN3,1
Sca6,MCL1,3
Sca6,EP300,3
Sca6,MDR1,4
Sca6,5HT3A,3
Sca6,ECE1,2
Sca6,HMDH,6
Sca6,FKB1A,1
Sca6,GSHR,1
Sca6,AOFA,1
Sca6,ADA,2
Sca6,CATD,2
Sca6,5HT2A,3
Sca6,FA10,19
Sca6,5HT1A,4
Sca6,DRD2,5
Sca6,FAAH1,3
Sca6,IDE,1
Sca6,MC4R,3
Sca6,NPY5R,3
Sca6,NTR2,1
Sca6,CAN1,1
Sca6,FADS1,1
Sca6,ADA2C,1
Sca6,NISCH,1
Sca6,FFAR1,4
Sca6,UROK,3
Sca6,AHR,2
Sca6,PE2R3,1
Sca6,TERT,1
Sca6,DRD3,1
Sca6,THAS,3
Sca6,5HT1D,2
Sca6,5HT7R,5
Sca6,5HT5A,1
Sca6,CP1A1,3
Sca6,CP2B1,1
Sca6,HGFA,2
Sca6,HEPS,1
Sca6,ST14,1
Sca6,THB,9
Sca6,THA,8
Sca6,ESR1,63
Sca6,ESR2,68
Sca6,DHB1,13
Sca6,CP2C9,1
Sca6,EAA2,1
Sca6,DHB2,11
Sca6,RARG,1
Sca6,ERBB2,1
Sca6,F263,1
Sca6,EDNRA,4
Sca508,OXDA,9
Sca508,EGFR,1
Sca508,AOFB,1
Sca508,STS,3
Sca508,BCL2,1
Sca460,TAAR1,9
Sca460,OXDA,2
Sca460,PSB5,2
Sca460,TGM2,3
Sca460,F13A,4
Sca460,S1PR2,2
Sca460,DGLA,3
Sca460,EZH2,9
Sca460,MMP9,50
Sca460,MMP2,64
Sca460,HXK4,30
Sca460,P2RX3,2
Sca460,MMP13,14
Sca460,MMP12,4
Sca460,MMP8,4
Sca460,NAMPT,1
Sca460,MMP14,24
Sca460,MMP3,7
Sca460,MMP1,3
Sca460,CATK,3
Sca460,GCR,1
Sca460,TSPO,21
Sca460,PD2R2,57
Sca460,CP19A,1
Sca460,FFAR1,2
Sca460,CP3A4,5
Sca460,MK14,4
Sca460,MMP16,1
Sca460,HYES,1
Sca460,PE2R2,1
Sca460,PE2R3,6
Sca460,PE2R4,7
Sca460,LKHA4,35
Sca460,PD2R,25
Sca460,PPARA,30
Sca460,MP2K1,11
Sca460,SC6A2,10
Sca460,SC6A4,31
Sca460,DHI1,1
Sca460,PPARG,17
Sca460,GLR,1
Sca460,FAAH1,9
Sca460,HDAC2,1
Sca460,THB,21
Sca460,OPRM,1
Sca460,OPRK,1
Sca460,OPRD,1
Sca460,PPARD,28
Sca460,HRH3,25
Sca460,SC6A3,4
Sca460,THA,4
Sca460,CAH2,8
Sca460,CAH1,6
Sca460,CAH9,8
Sca460,PTGES,1
Sca460,CAH12,4
Sca460,TA2R,1
Sca460,UR2R,3
Sca460,DPP4,2
Sca460,ANDR,1
Sca460,CNR2,1
Sca460,MCHR1,5
Sca460,ADRB2,1
Sca460,MMP10,1
Sca460,MMP7,1
Sca460,ADA17,1
Sca460,UROK,2
Sca460,CETP,37
Sca460,MCL1,2
Sca460,S5A2,6
Sca460,HPSE,1
Sca460,S1PR1,5
Sca460,S1PR3,2
Sca460,FDFT,1
Sca460,ST14,1
Sca117270,OXDA,1
Sca799,HDAC1,39
Sca799,HYEP,1
Sca799,OXDA,2
Sca799,CP3A4,4
Sca799,CP3A5,1
Sca799,S1PR1,24
Sca799,CP2CJ,5
Sca799,LRRK2,1
Sca799,5HT2A,1
Sca799,5HT2C,1
Sca799,FAAH1,3
Sca799,PAK4,1
Sca799,CAC1G,2
Sca799,ATS5,9
Sca799,MMP2,1
Sca799,QPCT,3
Sca799,THIO,2
Sca799,NPY5R,10
Sca799,CP17A,5
Sca799,PDE10,1
Sca799,PDE4B,2
Sca799,PD2R2,42
Sca799,CP1A2,5
Sca799,CCR2,1
Sca799,PCP,4
Sca799,CNR2,14
Sca799,RAF1,18
Sca799,CXCR4,1
Sca799,GRM5,1
Sca799,HRH4,13
Sca799,AL3A1,7
Sca799,EGLN1,1
Sca799,JAK3,1
Sca799,JAK2,1
Sca799,PA24A,2
Sca799,PARP1,72
Sca799,MCHR1,5
Sca799,KCNH2,4
Sca799,HDAC6,7
Sca799,PARP2,6
Sca799,DPP4,18
Sca799,OPRX,22
Sca799,OPRD,1
Sca799,OPRM,6
Sca799,OPRK,7
Sca799,CATK,2
Sca799,CATB,2
Sca799,CATS,2
Sca799,MP2K1,1
Sca799,5HT3A,1
Sca799,AURKA,1
Sca799,C1S,7
Sca799,FA10,3
Sca799,F16P1,22
Sca799,FA7,1
Sca799,TRPV1,1
Sca799,CDK1,3
Sca799,KS6A5,5
Sca799,IRAK4,9
Sca799,IRAK1,1
Sca799,AA2AR,3
Sca799,DRD2,9
Sca799,SC6A4,1
Sca799,ACM1,1
Sca799,PGH2,1
Sca799,GNRHR,18
Sca799,CP2D6,3
Sca799,CP2C8,2
Sca799,MC4R,8
Sca799,KC1G2,1
Sca799,5HT4R,9
Sca799,PRGR,1
Sca799,SCNAA,1
Sca799,DRD4,8
Sca799,DRD3,9
Sca799,CASP1,1
Sca799,C11B2,10
Sca799,C11B1,7
Sca799,PGDH,3
Sca799,GSK3B,1
Sca799,ADA2A,1
Sca799,ADA2C,1
Sca799,THRB,1
Sca799,PTK6,5
Sca799,CASR,1
Sca799,CP2C9,1
Sca799,SOAT1,2
Sca799,JAK1,2
Sca799,TSPO,1
Sca799,NMDE2,3
Sca799,HDAC8,6
Sca799,SL9A1,6
Sca799,CHK2,1
Sca799,ABL1,2
Sca799,CAH4,1
Sca799,CAH14,1
Sca799,CAH1,1
Sca799,CAH9,1
Sca799,CAH5B,1
Sca799,CAH2,1
Sca799,CAH5A,1
Sca799,CAH12,1
Sca799,CAH7,1
Sca799,CAH6,1
Sca799,ADA2B,1
Sca799,EGLN3,1
Sca769,OXDA,1
Sca769,ABL1,17
Sca769,SRC,9
Sca769,NTRK1,2
Sca769,PARP1,7
Sca769,JAK3,1
Sca769,JAK1,1
Sca769,JAK2,1
Sca769,TYK2,1
Sca769,PD2R2,26
Sca769,MTR1B,3
Sca769,5HT6R,20
Sca769,5HT2C,3
Sca769,5HT2A,3
Sca769,MET,2
Sca769,HDAC1,1
Sca769,HDAC6,1
Sca769,M3K5,2
Sca769,BRAF,2
Sca769,DYR1A,11
Sca769,UR2R,5
Sca769,MTR1A,2
Sca769,CHK1,4
Sca769,SC6A4,1
Sca371,TRY1,2
Sca371,ENTK,2
Sca371,AA2AR,26
Sca371,PA24A,1
Sca371,HDAC3,15
Sca371,HDAC1,23
Sca371,HDAC6,15
Sca371,DPP4,3
Sca371,CP3A4,5
Sca371,PI4KB,5
Sca371,GRM5,63
Sca371,AOC3,5
Sca371,PE2R2,1
Sca371,PE2R4,1
Sca371,PE2R3,1
Sca371,HRH3,3
Sca371,FOLH1,1
Sca371,F16P1,34
Sca371,AOFB,4
Sca371,OXDA,1
Sca371,FAAH1,2
Sca371,RORG,1
Sca371,RORA,1
Sca371,FA11,10
Sca371,FA10,4
Sca371,NPY5R,2
Sca371,HGFA,3
Sca371,ST14,14
Sca371,HEPS,4
Sca371,THRB,3
Sca371,NR1H2,2
Sca371,NR1H3,2
Sca371,PK3CD,12
Sca371,PK3CB,7
Sca371,PK3CA,10
Sca371,DCMC,12
Sca371,ACACB,35
Sca371,ACACA,7
Sca371,CATK,4
Sca371,MPIP3,2
Sca371,TRYB1,3
Sca371,MMP3,1
Sca371,MAP11,1
Sca371,AA1R,8
Sca371,AA2BR,1
Sca371,HXK4,1
Sca371,MK14,6
Sca371,MK11,1
Sca371,LCK,5
Sca371,PE2R1,1
Sca371,PYRD,3
Sca371,EGLN1,1
Sca371,MPIP2,1
Sca371,MPIP1,1
Sca371,PTPRB,1
Sca371,GSK3B,1
Sca371,PRKDC,1
Sca371,P3C2B,1
Sca371,PK3CG,11
Sca371,TERT,1
Sca371,THAS,1
Sca371,HDAC9,5
Sca371,HDAC2,1
Sca371,HDA10,1
Sca371,AOFA,1
Sca371,HDAC4,1
Sca371,5HT7R,1
Sca371,PARP1,1
Sca371,LOX5,5
Sca371,CATS,1
Sca371,CATL1,1
Sca371,XDH,1
Sca371,DHI1,1
Sca371,DHB1,1
Sca371,TMPS6,6
Sca371,HYES,1
Sca371,KC1D,1
Sca371,TM11D,1
Sca371,ADRB2,4
Sca371,ADRB1,4
Sca371,CAH2,6
Sca371,CAH7,2
Sca371,CAH1,4
Sca371,CAH5A,2
Sca371,CAH9,2
Sca371,CAH15,2
Sca371,CAH5B,2
Sca371,CAH6,2
Sca371,CAH12,2
Sca371,CAH14,2
Sca371,CAH13,1
Sca371,CAH4,1
Sca262086,OXDA,1
Sca418,MTR1A,1
Sca418,MTR1B,1
Sca418,ERN1,5
Sca418,AOFB,26
Sca418,AOFA,12
Sca418,CAH12,15
Sca418,CAH9,29
Sca418,CAH1,8
Sca418,CAH2,5
Sca418,HDAC8,1
Sca418,DHI1,1
Sca418,MOT4,1
Sca418,DHB3,10
Sca418,CAH7,2
Sca418,CAH13,4
Sca418,CAH14,5
Sca418,CAH15,2
Sca418,MMP2,4
Sca418,ADA17,8
Sca418,ANDR,3
Sca418,OXDA,1
Sca418,STS,2
Sca418,SC6A3,1
Sca418,PPGB,1
Sca418,PTGES,1
Sca879,BACE1,5
Sca879,HDAC3,6
Sca879,5HT7R,45
Sca879,TRPV1,7
Sca879,MMP3,17
Sca879,MMP9,27
Sca879,MMP2,37
Sca879,MMP14,10
Sca879,MMP13,26
Sca879,GLR,1
Sca879,OXDA,1
Sca879,CNR1,13
Sca879,HCAR2,22
Sca879,RORG,48
Sca879,KIFC1,5
Sca879,GBA2,38
Sca879,CEGT,37
Sca879,SUIS,8
Sca879,GLCM,22
Sca879,IDHC,5
Sca879,HDAC2,14
Sca879,HDAC6,12
Sca879,HDA10,3
Sca879,SC6A7,1
Sca879,FFAR1,43
Sca879,CATC,8
Sca879,CATK,49
Sca879,LGMN,23
Sca879,PE2R4,14
Sca879,LOX5,8
Sca879,FAAH1,97
Sca879,S1PR4,8
Sca879,ATS4,2
Sca879,ATS5,3
Sca879,ROCK2,15
Sca879,MMP12,13
Sca879,NAAA,5
Sca879,MMP8,11
Sca879,HDAC1,18
Sca879,HDAC8,1
Sca879,S1PR1,24
Sca879,CAH9,25
Sca879,CAH12,22
Sca879,CAH14,15
Sca879,SC6A1,28
Sca879,PYRD,55
Sca879,PD2R2,27
Sca879,HAOX2,14
Sca879,DPP4,10
Sca879,CAH2,24
Sca879,CAH1,17
Sca879,MGLL,19
Sca879,NMT1,1
Sca879,5HT2A,3
Sca879,5HT2C,2
Sca879,DHB2,8
Sca879,MCHR1,48
Sca879,NEP,13
Sca879,FAS,3
Sca879,HRH3,42
Sca879,OPRK,10
Sca879,OPRM,9
Sca879,PDE10,1
Sca879,CP17A,58
Sca879,C11B2,14
Sca879,C11B1,11
Sca879,MCR,3
Sca879,GCR,7
Sca879,PRGR,6
Sca879,MIF,1
Sca879,DHI1,24
Sca879,CATB,13
Sca879,CATF,10
Sca879,CATL1,9
Sca879,OXYR,1
Sca879,V1AR,1
Sca879,KIF11,1
Sca879,EGFR,1
Sca879,CP19A,39
Sca879,PTN1,2
Sca879,ALDR,1
Sca879,ACM3,30
Sca879,ACM5,2
Sca879,ACM2,2
Sca879,ACM4,2
Sca879,BRS3,1
Sca879,CNR2,19
Sca879,PPARD,35
Sca879,STS,7
Sca879,HYES,1
Sca879,F16P1,1
Sca879,ACHA7,2
Sca879,QPCT,1
Sca879,5HT6R,1
Sca879,MMP16,5
Sca879,SC6A4,10
Sca879,SC6A2,22
Sca879,NMDE2,1
Sca879,NPFF1,7
Sca879,NPFF2,7
Sca879,DYR,14
Sca879,DRD3,5
Sca879,DRD2,5
Sca879,DRD4,3
Sca879,PPARA,20
Sca879,PTGES,1
Sca879,ARY2,1
Sca879,MK14,12
Sca879,GRM5,10
Sca879,ADA17,4
Sca879,PD1L1,2
Sca879,EGLN1,1
Sca879,DGLA,2
Sca879,ACE2,7
Sca879,ACE,6
Sca879,MDR1,3
Sca879,NPY5R,1
Sca879,CP26A,5
Sca879,SC6A9,26
Sca879,CATS,7
Sca879,CATL2,2
Sca879,ACLY,1
Sca879,MAPK2,1
Sca879,MAP2,1
Sca879,SGMR1,5
Sca879,ADA2C,18
Sca879,ADA2A,20
Sca879,LYAM3,1
Sca879,DPP2,1
Sca879,VGFR2,24
Sca879,ADRB1,1
Sca879,GHSR,1
Sca879,UR2R,5
Sca879,NR1H3,2
Sca879,NK1R,15
Sca879,STAT3,3
Sca879,BKRB1,61
Sca879,SC6A3,3
Sca879,CETP,2
Sca879,MMP1,4
Sca879,CATD,3
Sca879,SCN9A,1
Sca879,KDM1A,1
Sca879,NAMPT,1
Sca879,PYGL,10
Sca879,AGTRB,5
Sca879,SIR1,1
Sca879,KPCA,7
Sca879,HMDH,3
Sca879,THB,11
Sca879,PGH2,36
Sca879,HRH1,4
Sca879,GPR88,1
Sca879,S1PR3,11
Sca879,S1PR5,6
Sca879,RENI,1
Sca879,CXCR1,1
Sca879,CXCR2,1
Sca879,EDNRA,3
Sca879,CBPA1,1
Sca879,CP3A4,3
Sca879,NR1H2,2
Sca879,GYS1,5
Sca879,GALR1,1
Sca879,MCL1,2
Sca879,VDR,2
Sca879,PGH1,1
Sca879,ESR1,5
Sca879,ESR2,5
Sca879,TRY1,1
Sca879,FA10,6
Sca879,TRPM8,1
Sca879,PPARG,11
Sca879,KCNH2,4
Sca879,ERG7,1
Sca879,PCP,8
Sca879,ECE1,19
Sca879,TAAR1,1
Sca879,ADRB3,1
Sca879,ANDR,1
Sca879,IKKB,9
Sca879,GGPPS,3
Sca879,IKKA,6
Sca879,ADA2B,15
Sca879,NISCH,1
Sca879,AGTR1,1
Sca879,AGTR2,3
Sca879,LKHA4,1
Sca879,ACACB,13
Sca879,ACACA,10
Sca879,DHB1,5
Sca1473,DUT,23
Sca1473,OXDA,1
Sca1473,ASAH1,2
Sca1473,GRIK1,5
Sca1473,GRIA2,5
Sca1473,TYSY,8
Sca1473,TYPH,11
Sca1473,ELNE,1
Sca1473,GRIA1,4
Sca1473,P2RY2,3
Sca1473,P2RY4,3
Sca1473,P2RY6,3
Sca1473,DPOLB,1
Sca1473,UMPS,1
Sca123772,XIAP,1
Sca123772,BIRC3,1
Sca123772,BIRC2,4
Sca123772,BIRC8,3
Sca123771,BIRC2,2
Sca123771,BIRC8,2
Sca123771,BIRC3,1
Sca123771,XIAP,1
Sca116003,BIRC3,3
Sca116003,XIAP,6
Sca116003,BIRC2,3
Sca116003,BIRC8,1
Sca246023,DNPH1,1
Sca246306,DNPH1,1
Sca246302,DNPH1,1
Sca250771,TLR4,2
Sca1255,TLR4,4
Sca1255,CAH2,58
Sca1255,CAH14,16
Sca1255,CAH12,44
Sca1255,CAH9,43
Sca1255,PARG,1
Sca1255,CAH1,25
Sca1255,ADA17,1
Sca1255,HPSE,1
Sca1255,CNR2,1
Sca1255,MMP2,1
Sca1255,MMP13,1
Sca1255,RARG,2
Sca1255,PDE4D,2
Sca240620,TLR4,5
Sca240616,TLR4,4
Sca1721,TLR4,1
Sca240715,TLR4,1
Sca240719,TLR4,1
Sca85742,TLR2,1
Sca57014,SCNAA,16
Sca57014,CCR9,6
Sca57014,GSK3B,7
Sca57014,DGAT1,28
Sca57014,PK3CG,23
Sca57014,PK3CA,18
Sca57014,PK3CD,11
Sca57014,PK3CB,2
Sca57014,CP2C9,1
Sca57014,SCN9A,8
Sca57014,SCN5A,1
Sca57014,TYRO3,6
Sca57014,CRFR1,1
Sca57014,NMDE2,8
Sca57014,ATR,4
Sca57014,SCN2A,5
Sca57014,BRS3,1
Sca57014,DHB1,1
Sca57014,ASIC3,1
Sca57014,CNR1,9
Sca57014,BRAF,1
Sca57014,LDHA,1
Sca57014,SOAT1,1
Sca149,LOX5,1
Sca149,PGH2,6
Sca149,GTR1,1
Sca149,PE2R1,1
Sca149,PD2R,4
Sca149,PE2R2,2
Sca149,CNR2,4
Sca110799,GLR,2
Sca110799,GIP,1
Sca130702,STA5B,1
Sca235339,STA5B,1
Sca137953,STA5A,1
Sca17997,PK3CA,2
Sca17997,MK14,15
Sca17997,ABL1,14
Sca17997,SRC,22
Sca17997,KIT,5
Sca17997,FGFR1,9
Sca17997,EGFR,5
Sca17997,STA5A,1
Sca17997,PGFRB,2
Sca17997,PMYT1,1
Sca123583,FGFR1,1
Sca123583,VGFR2,1
Sca123583,STAT3,1
Sca123583,STA5A,1
Sca123583,NTRK1,1
Sca238769,LEF1,1
Sca169,FPPS,1
Sca169,CP19A,1
Sca169,CP2D6,4
Sca169,CP1A2,2
Sca169,CP3A4,1
Sca169,CP2C9,1
Sca169,CP2CJ,3
Sca169,DCMC,16
Sca169,CBPB2,5
Sca169,CBPB1,4
Sca169,THAS,1
Sca169,PUR9,1
Sca169,CP2A6,3
Sca169,ENASE,1
Sca169,OGA,1
Sca379,ATS4,1
Sca379,ATS5,1
Sca379,PUR9,1
Sca379,ENASE,1
Sca379,OGA,1
Sca379,CBPB2,5
Sca379,CBPB1,4
Sca379,CP2A6,3
Sca379,CP2D6,4
Sca379,CP1A2,2
Sca379,CP3A4,1
Sca379,CP2C9,1
Sca379,CP2CJ,3
Sca379,DCMC,16
Sca379,CP19A,1
Sca379,FPPS,1
Sca379,THAS,1
Sca104999,OGA,2
Sca104999,HEXB,1
Sca104999,HEXA,1
Sca161018,OGA,1
Sca24218,OGA,1
Sca158530,OGA,1
Sca35094,KIFC1,2
Sca2968,PYRD,27
Sca2968,RORG,2
Sca2968,CCR9,6
Sca2968,ACHA7,2
Sca2968,KIFC1,2
Sca2968,CAH2,2
Sca2968,CAH9,2
Sca2968,CAH12,2
Sca2968,DHI1,11
Sca2968,TRPV1,16
Sca2968,DYR,2
Sca2968,SEPR,3
Sca2968,C11B2,12
Sca2968,C11B1,16
Sca2968,SCN9A,2
Sca2968,SYK,2
Sca2968,HPGDS,3
Sca2968,PE2R4,1
Sca2968,DGAT1,6
Sca2968,OPRK,2
Sca2968,OPRM,1
Sca2968,CP17A,3
Sca2968,NMDE2,1
Sca2968,GRIA2,1
Sca2968,SCNAA,2
Sca2968,CATS,3
Sca2968,BRS3,8
Sca2968,MK14,6
Sca2968,SHH,10
Sca2968,P2Y12,36
Sca2968,DHB1,1
Sca2968,HRH3,1
Sca2968,GRM5,34
Sca2968,SMO,1
Sca2968,HCAR2,2
Sca2968,HXK4,1
Sca2968,THB,1
Sca2968,MK08,1
Sca2968,MK09,1
Sca2968,IKKB,6
Sca2968,HDAC1,1
Sca2968,AA2AR,10
Sca2968,SO1B3,1
Sca2968,ECE1,4
Sca2968,S1PR3,3
Sca2968,CNR1,9
Sca2968,AA1R,9
Sca2968,PIM1,1
Sca2968,LT4R1,1
Sca2968,PE2R1,1
Sca2968,TRY1,1
Sca2968,FA10,1
Sca2968,NOS1,1
Sca249999,KIFC1,1
Sca250001,KIFC1,1
Sca150974,F261,1
Sca150974,F262,1
Sca150974,F263,1
Sca254875,F261,1
Sca254875,F262,1
Sca254875,F263,1
Sca254867,F261,1
Sca254867,F262,1
Sca254867,F263,1
Sca254565,F261,1
Sca70093,F263,1
Sca70093,GCR,1
Sca49616,F263,7
Sca49616,F262,1
Sca49616,PD2R2,8
Sca49616,PD2R,6
Sca254878,F263,1
Sca254872,F263,1
Sca254872,F262,1
Sca507,ACES,21
Sca507,KCNH2,1
Sca507,5HT2B,3
Sca507,CAH12,26
Sca507,CAH2,21
Sca507,CAH1,19
Sca507,CAH9,19
Sca507,GPR35,31
Sca507,AOFB,30
Sca507,AOFA,11
Sca507,GRM5,1
Sca507,AA2AR,12
Sca507,ALDR,39
Sca507,CAN1,2
Sca507,CP19A,11
Sca507,STS,2
Sca507,ECE1,1
Sca507,PRKDC,2
Sca507,ACHA7,1
Sca507,ADRB1,4
Sca507,LOX12,1
Sca507,ESR2,2
Sca507,ALDH2,1
Sca507,F263,1
Sca507,AOXA,1
Sca507,ESR1,1
Sca507,ERR2,1
Sca507,ERR1,1
Sca507,CAH4,5
Sca507,CAH7,7
Sca507,MIF,1
Sca507,MCL1,1
Sca507,BCL2,1
Sca507,XDH,8
Sca507,AA3R,2
Sca507,TNKS1,22
Sca507,TNKS2,9
Sca507,ANDR,10
Sca507,CP1A1,12
Sca507,CP1A2,10
Sca507,PDE5A,3
Sca507,PPARG,1
Sca507,OPRM,1
Sca507,SUIS,1
Sca507,CP1B1,12
Sca507,A4,4
Sca507,TERT,5
Sca507,ABCG2,2
Sca507,PIM1,2
Sca507,LGUL,1
Sca507,APEX1,1
Sca507,TOP2A,1
Sca507,FLT3,2
Sca507,MMP12,1
Sca507,TOP1,1
Sca507,DHB1,1
Sca507,CSK21,1
Sca507,5NTD,1
Sca507,IGF1R,1
Sca507,VGFR2,1
Sca507,AURKB,1
Sca507,MET,1
Sca507,UFO,1
Sca507,SRC,1
Sca507,LOX5,1
Sca507,LOX15,1
Sca507,CBR1,1
Sca507,CDK6,1
Sca507,DHB2,1
Sca254865,F262,1
Sca254865,F263,1
Sca254858,F262,1
Sca254858,F263,1
Sca254560,F263,2
Sca254560,F262,1
Sca5850,F262,1
Sca5850,F263,1
Sca254863,F262,1
Sca254863,F263,1
Sca139235,F262,1
Sca139235,F263,1
Sca52668,PARG,1
Sca1818,AA3R,213
Sca1818,AA1R,205
Sca1818,DOT1L,18
Sca1818,AA2AR,88
Sca1818,PARG,1
Sca1818,DNM3B,4
Sca1818,DNMT1,1
Sca1818,ADK,2
Sca1818,S29A1,36
Sca1818,ADCY2,4
Sca1818,CATL1,1
Sca1818,CATS,1
Sca1818,CATK,1
Sca67168,3MG,1
Sca779,DUT,2
Sca779,TAAR1,1
Sca779,HDAC3,2
Sca779,CATL1,2
Sca779,EZH2,1
Sca779,CBPB2,1
Sca779,CAH2,4
Sca779,CAH7,1
Sca779,CAH12,4
Sca779,CAH9,5
Sca779,SC6A4,16
Sca779,SC6A3,33
Sca779,GPBAR,12
Sca779,SC6A1,7
Sca779,SC6A2,8
Sca779,TSPO,1
Sca779,NPY1R,34
Sca779,CAH1,3
Sca779,MGLL,3
Sca779,FAAH1,2
Sca779,PD2R2,1
Sca779,PD2R,1
Sca779,ACM5,5
Sca779,ACM3,11
Sca779,ACM2,6
Sca779,ACM4,6
Sca779,ACM1,3
Sca779,SC5A4,13
Sca779,GCR,10
Sca779,FDFT,25
Sca779,P2RX3,1
Sca779,KCNH2,2
Sca779,ANDR,2
Sca779,HRH3,3
Sca779,HRH4,1
Sca779,LKHA4,11
Sca779,CATC,1
Sca779,SC5A2,1
Sca779,THRB,1
Sca779,HYES,26
Sca779,KIF11,100
Sca779,ESR2,1
Sca779,HRH2,1
Sca779,SC6A9,12
Sca779,TRPV1,5
Sca779,CNR1,5
Sca779,5HT1B,1
Sca779,ADA1A,2
Sca779,5HT6R,1
Sca779,ADA2B,2
Sca779,ADA2C,2
Sca779,5HT2C,1
Sca779,DRD3,2
Sca779,5HT2B,1
Sca779,ADA1D,2
Sca779,5HT2A,2
Sca779,ADA1B,2
Sca779,ADA2A,1
Sca779,DRD2,1
Sca779,PPARG,3
Sca779,PPARA,2
Sca779,LCAP,1
Sca779,DPP4,1
Sca779,GALR2,1
Sca779,CASR,2
Sca779,NR1I2,1
Sca779,RORG,6
Sca779,MCHR1,3
Sca779,PPARD,1
Sca779,CNR2,12
Sca779,EBP,2
Sca779,DRD1,4
Sca779,DRD5,4
Sca779,THA,2
Sca779,THB,4
Sca779,ADRB3,2
Sca779,MDR1,3
Sca779,NPFF2,2
Sca779,NPFF1,2
Sca779,FKB1A,3
Sca779,XIAP,4
Sca779,AA3R,2
Sca779,S1PR1,5
Sca779,S1PR3,2
Sca779,MMP3,2
Sca779,5HT1A,1
Sca779,CATB,1
Sca779,CATS,1
Sca779,DCMC,1
Sca779,NK1R,1
Sca779,MMP13,3
Sca779,THAS,1
Sca779,3MG,1
Sca779,KCNN4,18
Sca779,C3AR,1
Sca259030,CTNB1,1
Sca166811,PANK1,7
Sca166811,PANK3,4
Sca166811,PANK2,1
Sca68831,PANK3,1
Sca68831,IRAK4,1
Sca68831,MDR1,1
Sca598,CBPB2,13
Sca598,CBPB1,1
Sca598,CAH1,3
Sca598,CAH2,3
Sca598,BRS3,13
Sca598,HYES,1
Sca598,DHI1,22
Sca598,OPRM,3
Sca598,DPP4,3
Sca598,ELNE,1
Sca598,CATS,2
Sca598,CATK,2
Sca598,CATL2,2
Sca598,CATL1,1
Sca598,PANK3,1
Sca598,CAH9,1
Sca598,CAH12,1
Sca598,ADA2B,1
Sca598,ADA2A,1
Sca598,THAS,7
Sca255,RET4,2
Sca255,DPP9,23
Sca255,DPP4,210
Sca255,PARP1,1
Sca255,RENI,4
Sca255,CAH9,6
Sca255,CAH12,5
Sca255,CAH2,8
Sca255,PSB9,5
Sca255,NMUR2,1
Sca255,MMP12,4
Sca255,MMP8,5
Sca255,MMP13,6
Sca255,MMP2,9
Sca255,MMP14,2
Sca255,MMP9,5
Sca255,MMP1,2
Sca255,MMP7,2
Sca255,MMP3,3
Sca255,CAC1H,2
Sca255,CP2D6,2
Sca255,PLK1,3
Sca255,SUIS,6
Sca255,LYAG,1
Sca255,HRH3,32
Sca255,LGMN,9
Sca255,SPHK1,5
Sca255,NTR1,50
Sca255,CATC,14
Sca255,XIAP,6
Sca255,AKT1,1
Sca255,MGLL,1
Sca255,FURIN,12
Sca255,PCSK4,2
Sca255,PCSK6,1
Sca255,PCSK5,2
Sca255,NTR2,33
Sca255,PIN1,1
Sca255,PPCE,13
Sca255,SEPR,20
Sca255,DPP8,24
Sca255,DPP2,7
Sca255,SC6A4,54
Sca255,SC6A3,34
Sca255,SC6A2,65
Sca255,EBP,1
Sca255,ECE1,1
Sca255,CATB,2
Sca255,CATL1,6
Sca255,CATK,15
Sca255,CATH,1
Sca255,CAH1,2
Sca255,NK3R,2
Sca255,ABCA1,5
Sca255,TGM2,3
Sca255,TGM1,1
Sca255,FKB1A,3
Sca255,ANDR,2
Sca255,LIPE,4
Sca255,MOT1,2
Sca255,CASP3,3
Sca255,CASP2,1
Sca255,ACHA7,4
Sca255,ELNE,5
Sca255,SGMR1,8
Sca255,CASP4,1
Sca255,CASP1,2
Sca255,CASP5,1
Sca255,DRD2,31
Sca255,DRD1,1
Sca255,5HT4R,1
Sca255,5HT3A,1
Sca255,5HT1A,6
Sca255,DRD3,9
Sca255,S1PR2,1
Sca255,S1PR5,3
Sca255,S1PR1,3
Sca255,S1PR3,2
Sca255,S1PR4,2
Sca255,THRB,22
Sca255,C3AR,1
Sca255,STAT3,9
Sca255,NEP,1
Sca255,ACE,3
Sca255,DCMC,1
Sca255,AOC3,1
Sca255,TPP2,1
Sca255,ENASE,1
Sca255,ACM1,2
Sca255,ACM3,1
Sca255,ACM4,2
Sca255,CNR2,3
Sca255,F13A,1
Sca255,NOS1,1
Sca255,ACES,2
Sca255,CATS,4
Sca255,KCC2A,1
Sca255,ACM2,1
Sca255,5HT7R,1
Sca255,5HT2A,1
Sca255,5HT2B,1
Sca255,CAH6,1
Sca255,CAH15,1
Sca255,CAH7,1
Sca255,CAH5B,1
Sca255,ADA2A,1
Sca255,CAH5A,1
Sca255,P2RX7,1
Sca255,MRGX1,1
Sca255,LCK,1
Sca255,FA12,1
Sca255,KLKB1,1
Sca255,NMDE2,1
Sca255,NMDE1,1
Sca255,CATD,1
Sca255,CATE,1
Sca255,OPRM,1
Sca115186,MET,8
Sca115186,HGF,1
Sca115199,MET,2
Sca115199,HGF,1
Sca115187,MET,11
Sca115187,HGF,1
Sca115218,HGF,1
Sca1690,NR1I3,1
Sca1690,ANDR,18
Sca1690,MCR,3
Sca1690,GCR,11
Sca1690,SC6A4,1
Sca1690,FABPL,1
Sca1690,PRGR,4
Sca1690,AK1C3,1
Sca1690,CP19A,35
Sca1690,ESR1,1
Sca1690,S5A2,1
Sca1690,ESR2,2
Sca1690,SHBG,1
Sca1690,DHB3,1
Sca125,NR1I3,1
Sca125,CP19A,35
Sca125,DHB3,1
Sca125,ANDR,18
Sca125,MCR,3
Sca125,GCR,11
Sca125,SC6A4,1
Sca125,FABPL,1
Sca125,PRGR,4
Sca125,AK1C3,1
Sca125,ESR1,1
Sca125,S5A2,1
Sca125,ESR2,2
Sca125,SHBG,1
Sca1420,ASAH1,2
Sca1420,EF2K,1
Sca1420,ELNE,2
Sca1420,DPP4,1
Sca1420,TYPH,1
Sca1420,GRIK3,1
Sca1420,S47A1,1
Sca1420,AOFB,1
Sca1420,AA1R,3
Sca1420,AA2AR,1
Sca1420,AA3R,1
Sca1420,ALDR,2
Sca562,CAH2,2
Sca562,AOFB,3
Sca562,ABCBB,1
Sca562,PPARG,4
Sca562,PPARA,2
Sca562,AGTRA,1
Sca367,CAH12,5
Sca367,CATB,1
Sca367,CEGT,4
Sca367,GBA2,4
Sca367,GLCM,7
Sca367,CAH2,11
Sca367,CAH9,12
Sca367,MRGX1,1
Sca367,HYES,76
Sca367,PSB9,1
Sca367,PSB5,2
Sca367,SEPR,1
Sca367,FUCO,14
Sca367,PIN1,1
Sca367,MMP1,11
Sca367,CAC1H,5
Sca367,BKRB1,3
Sca367,AOFA,6
Sca367,AOFB,2
Sca367,ACM1,8
Sca367,DUS3,1
Sca367,5HT4R,24
Sca367,SGMR1,23
Sca367,ADA2C,1
Sca367,HYEP,4
Sca367,HRH3,49
Sca367,ADRB2,3
Sca367,ADRB1,2
Sca367,ARGI1,9
Sca367,FURIN,1
Sca367,PCSK5,1
Sca367,PCSK6,1
Sca367,NEC1,1
Sca367,5HT7R,5
Sca367,5HT2A,10
Sca367,RENI,4
Sca367,5HT2C,7
Sca367,S1PR2,1
Sca367,DPP4,5
Sca367,CASP1,1
Sca367,SUIS,1
Sca367,LYAG,1
Sca367,LGMN,1
Sca367,NOS2,24
Sca367,NOS1,14
Sca367,NOS3,10
Sca367,CAH1,9
Sca367,MK09,3
Sca367,MK08,4
Sca367,THRB,2
Sca367,SC6A3,157
Sca367,STS,3
Sca367,ADA17,42
Sca367,MMP2,16
Sca367,MMP13,17
Sca367,MMP14,4
Sca367,MMP9,11
Sca367,ELOV6,1
Sca367,ACM2,7
Sca367,ADA2B,1
Sca367,MGLL,3
Sca367,ACM4,6
Sca367,ACM3,3
Sca367,PLMN,1
Sca367,SC6A2,95
Sca367,SC6A4,145
Sca367,DPP2,7
Sca367,CATK,1
Sca367,CASP3,1
Sca367,ACES,13
Sca367,ACHA7,4
Sca367,OPRM,16
Sca367,ARGI2,7
Sca367,DRD2,12
Sca367,ADA1D,1
Sca367,5HT1A,1
Sca367,HRH1,1
Sca367,ADA1B,1
Sca367,ADA1A,1
Sca367,ADA2A,1
Sca367,CAC1G,1
Sca367,CAC1I,1
Sca367,KCNH2,3
Sca367,SC6A9,2
Sca367,DCMC,1
Sca367,DHI1,3
Sca367,ANDR,2
Sca367,RET4,2
Sca367,HDAC1,1
Sca367,HDAC8,1
Sca367,MOT1,2
Sca367,MMP3,11
Sca367,MMP8,1
Sca367,CNR2,4
Sca367,CNR1,2
Sca367,EBP,1
Sca367,ERG7,1
Sca367,ACHA4,2
Sca367,CCR1,19
Sca367,SL9A1,13
Sca367,CP3A4,1
Sca367,OPRK,8
Sca367,OPRD,3
Sca367,DRD3,4
Sca367,DRD4,1
Sca367,MA2B1,1
Sca638,HYEP,23
Sca638,HYES,172
Sca638,DHI1,196
Sca638,CBPB2,2
Sca638,GLCM,9
Sca638,GBA2,17
Sca638,CEGT,10
Sca638,CNR2,15
Sca638,CAC1H,3
Sca638,CXCR3,2
Sca638,CAH2,6
Sca638,CP3A4,1
Sca638,CAH12,5
Sca638,CAH9,5
Sca638,P2RX7,8
Sca638,CAH5B,2
Sca638,CAH6,2
Sca638,CAH15,2
Sca638,CAH4,2
Sca638,CAH1,3
Sca638,CAH13,2
Sca638,CAH14,2
Sca638,CAH7,2
Sca638,CAH5A,2
Sca638,SUIS,1
Sca638,LYAG,1
Sca638,OPRM,2
Sca638,GRM1,1
Sca638,C11B2,1
Sca638,C11B1,1
Sca638,NPFF1,5
Sca638,NPFF2,5
Sca638,MRGX1,1
Sca638,CNR1,3
Sca638,DPP4,17
Sca638,DHI2,3
Sca638,CATS,1
Sca638,CATL2,1
Sca638,CATK,1
Sca638,CP17A,8
Sca638,CP19A,1
Sca638,DGAT1,1
Sca638,SEPR,3
Sca638,DPP2,3
Sca638,DPP9,1
Sca638,SCN9A,1
Sca112910,MRGX1,1
Sca121005,MRGX1,1
Sca181056,MRGX1,1
Sca247644,MRGX1,1
Sca45940,MDM2,3
Sca45940,MDM4,6
Sca179191,MDM4,3
Sca179191,MDM2,3
Sca179192,MDM2,3
Sca179192,MDM4,3
Sca179182,MDM2,2
Sca179182,MDM4,2
Sca5112,MDM2,1
Sca5112,MDM4,1
Sca5112,HYES,1
Sca179174,MDM2,1
Sca179174,MDM4,1
Sca171870,MDM2,10
Sca171870,MDM4,3
Sca171868,MDM2,1
Sca171868,MDM4,1
Sca21128,CP3A4,24
Sca21128,CP2D6,3
Sca21128,SO1B1,1
Sca21128,S47A1,1
Sca21128,THAS,1
Sca21128,NK2R,1
Sca21128,CP3A5,1
Sca1222,KAPCA,1
Sca1222,ACES,2
Sca1222,G3P,1
Sca1222,ALDR,1
Sca1222,AA2AR,5
Sca1222,TERT,6
Sca1222,PIM1,1
Sca1222,LIMK1,1
Sca1222,LOX5,1
Sca1222,ACM2,1
Sca1222,ACM1,1
Sca1222,S47A2,1
Sca1222,S47A1,1
Sca1222,BTK,1
Sca1222,ACM4,1
Sca6474,ABL1,2
Sca6474,KSYK,1
Sca6474,DDR2,1
Sca6474,SC6A4,1
Sca6474,PGFRB,1
Sca6474,NQO2,1
Sca6474,S47A2,1
Sca6474,LYN,1
Sca6474,THAS,1
Sca6474,S47A1,1
Sca6474,DDR1,1
Sca6474,KIT,1
Sca6474,CAH7,1
Sca6474,5HT2A,1
Sca6474,PGFRA,1
Sca6474,CAH15,1
Sca6474,CAH9,1
Sca6474,CAH3,1
Sca6474,CSF1R,1
Sca6474,CAH2,1
Sca6474,CAH14,1
Sca6474,CAH1,1
Sca6474,CAH6,1
Sca369,HDAC3,19
Sca369,IRAK4,1
Sca369,AA3R,1
Sca369,AA1R,2
Sca369,FGFR1,1
Sca369,VGFR2,2
Sca369,MGMT,5
Sca369,GRM4,4
Sca369,HPRT,24
Sca369,HRH4,31
Sca369,HRH3,4
Sca369,GRM5,1
Sca369,ROCK2,1
Sca369,AA2AR,1
Sca369,HS90A,3
Sca369,CXCR2,6
Sca369,PUR2,9
Sca369,PNPH,17
Sca369,CAH1,2
Sca369,CAH9,2
Sca369,CAH12,2
Sca369,CAH2,2
Sca369,AHR,1
Sca369,KSYK,1
Sca369,CAH15,1
Sca369,CAH7,1
Sca369,CAH14,1
Sca369,CAH6,1
Sca369,S47A1,1
Sca369,DYR,1
Sca369,XDH,19
Sca369,PGH2,4
Sca369,PGH1,1
Sca369,5HT6R,2
Sca252830,HEPS,1
Sca252830,HGFA,1
Sca14610,SHIP2,1
Sca487,CHLE,21
Sca487,NPFF1,1
Sca487,SGMR1,2
Sca487,ACES,1
Sca487,SC6A1,1
Sca487,5HT2B,7
Sca487,ADA2A,6
Sca487,HRH1,2
Sca487,SC6A3,2
Sca487,DRD3,8
Sca487,5HT2C,9
Sca487,ACM3,4
Sca487,ACM4,5
Sca487,ADA2B,6
Sca487,5HT7R,3
Sca487,HRH2,1
Sca487,ACM1,5
Sca487,ACM2,3
Sca487,ACM5,4
Sca487,ADA2C,5
Sca487,5HT2A,8
Sca487,SC6A4,4
Sca487,ADA1B,5
Sca487,DRD2,7
Sca487,5HT6R,5
Sca487,SC6A2,2
Sca487,ADA1D,5
Sca487,ADA1A,5
Sca487,5HT1A,3
Sca487,DRD1,4
Sca487,KCNH2,2
Sca487,DRD4,2
Sca487,ANDR,2
Sca487,5HT1B,1
Sca487,DRD5,1
Sca487,AOXA,1
Sca487,CP2D6,1
Sca487,EBPL,1
Sca487,EBP,1
Sca263,ACM1,3
Sca263,ACM2,1
Sca263,ESR1,44
Sca263,TRPV1,4
Sca263,HRH4,1
Sca263,HRH3,1
Sca263,PPARD,5
Sca263,MTR1B,3
Sca263,MTR1A,3
Sca263,CP19A,14
Sca263,C11B2,2
Sca263,SC6A1,43
Sca263,PPARG,1
Sca263,PPARA,2
Sca263,CCKAR,4
Sca263,ESR2,19
Sca263,CP3A5,2
Sca263,CP2A6,1
Sca263,CP2D6,1
Sca263,CP1A2,2
Sca263,CP3A4,2
Sca263,PGH2,15
Sca263,PRGR,3
Sca263,LOX5,1
Sca263,KCNH2,2
Sca263,EBP,3
Sca263,ADA2A,2
Sca263,ADA2C,1
Sca263,DRD3,2
Sca263,5HT2B,1
Sca263,5HT2A,1
Sca263,ACM3,2
Sca263,SC6A3,1
Sca263,SC6A4,1
Sca263,SC6A2,1
Sca263,ACM4,2
Sca263,ADA2B,1
Sca263,5HT6R,1
Sca263,5HT2C,2
Sca263,PLD2,1
Sca263,CP2B6,1
Sca263,ERR1,1
Sca263,THAS,1
Sca263,EBPL,1
Sca27590,GPR88,1
Sca27590,KCNH2,12
Sca27590,OPRM,4
Sca27590,SC6A4,6
Sca27590,SC6A3,3
Sca27590,SC6A2,1
Sca27590,DHCR7,1
Sca27590,EBPL,1
Sca27590,SGMR1,3
Sca27590,EBP,1
Sca27590,VACHT,1
Sca27590,KCNJ1,6
Sca23974,DNAS1,1
Sca23974,ADA2C,1
Sca23974,ACM2,1
Sca23974,5HT2A,1
Sca23974,ADA1D,1
Sca23974,ADA2B,1
Sca23974,ACM3,1
Sca23974,ACM1,1
Sca23974,ADA2A,1
Sca23974,ACM4,1
Sca23974,NK2R,1
Sca23974,DRD3,1
Sca23974,ACM5,1